team_api_id,team_fifa_api_id_x,team_long_name,date,buildUpPlaySpeed,chanceCreationPassing,chanceCreationCrossing,chanceCreationShooting
9987,673.0,KRC Genk,2010-02-22 00:00:00,45.0,50.0,35.0,60.0
9987,673.0,KRC Genk,2011-02-22 00:00:00,66.0,65.0,66.0,51.0
9987,673.0,KRC Genk,2012-02-22 00:00:00,53.0,55.0,48.0,56.0
9987,673.0,KRC Genk,2013-09-20 00:00:00,58.0,67.0,48.0,56.0
9987,673.0,KRC Genk,2014-09-19 00:00:00,58.0,67.0,48.0,56.0
9987,673.0,KRC Genk,2015-09-10 00:00:00,58.0,30.0,69.0,56.0
9993,675.0,Beerschot AC,2010-02-22 00:00:00,35.0,45.0,40.0,50.0
9993,675.0,Beerschot AC,2011-02-22 00:00:00,47.0,54.0,64.0,67.0
9993,675.0,Beerschot AC,2012-02-22 00:00:00,55.0,47.0,46.0,49.0
9993,675.0,Beerschot AC,2013-09-20 00:00:00,47.0,38.0,64.0,49.0
10000,15005.0,SV Zulte-Waregem,2010-02-22 00:00:00,65.0,60.0,40.0,50.0
10000,15005.0,SV Zulte-Waregem,2011-02-22 00:00:00,52.0,52.0,48.0,53.0
10000,15005.0,SV Zulte-Waregem,2012-02-22 00:00:00,54.0,47.0,52.0,50.0
10000,15005.0,SV Zulte-Waregem,2013-09-20 00:00:00,54.0,47.0,52.0,32.0
10000,15005.0,SV Zulte-Waregem,2014-09-19 00:00:00,54.0,47.0,52.0,32.0
10000,15005.0,SV Zulte-Waregem,2015-09-10 00:00:00,54.0,47.0,52.0,32.0
9994,2007.0,Sporting Lokeren,2010-02-22 00:00:00,60.0,50.0,40.0,50.0
9994,2007.0,Sporting Lokeren,2011-02-22 00:00:00,66.0,48.0,46.0,52.0
9994,2007.0,Sporting Lokeren,2012-02-22 00:00:00,67.0,51.0,50.0,50.0
9994,2007.0,Sporting Lokeren,2013-09-20 00:00:00,67.0,31.0,50.0,50.0
9994,2007.0,Sporting Lokeren,2014-09-19 00:00:00,62.0,42.0,50.0,62.0
9994,2007.0,Sporting Lokeren,2015-09-10 00:00:00,62.0,42.0,50.0,62.0
9984,1750.0,KSV Cercle Brugge,2010-02-22 00:00:00,45.0,70.0,45.0,55.0
9984,1750.0,KSV Cercle Brugge,2011-02-22 00:00:00,50.0,70.0,65.0,65.0
9984,1750.0,KSV Cercle Brugge,2012-02-22 00:00:00,68.0,55.0,68.0,42.0
9984,1750.0,KSV Cercle Brugge,2013-09-20 00:00:00,53.0,55.0,68.0,42.0
9984,1750.0,KSV Cercle Brugge,2014-09-19 00:00:00,53.0,52.0,58.0,42.0
9984,1750.0,KSV Cercle Brugge,2015-09-10 00:00:00,53.0,52.0,58.0,42.0
8635,229.0,RSC Anderlecht,2010-02-22 00:00:00,50.0,70.0,50.0,60.0
8635,229.0,RSC Anderlecht,2011-02-22 00:00:00,50.0,70.0,50.0,60.0
8635,229.0,RSC Anderlecht,2012-02-22 00:00:00,52.0,53.0,57.0,47.0
8635,229.0,RSC Anderlecht,2013-09-20 00:00:00,52.0,68.0,67.0,47.0
8635,229.0,RSC Anderlecht,2014-09-19 00:00:00,52.0,60.0,53.0,47.0
8635,229.0,RSC Anderlecht,2015-09-10 00:00:00,52.0,60.0,53.0,47.0
9991,674.0,KAA Gent,2010-02-22 00:00:00,70.0,60.0,50.0,60.0
9991,674.0,KAA Gent,2011-02-22 00:00:00,55.0,54.0,74.0,56.0
9991,674.0,KAA Gent,2012-02-22 00:00:00,50.0,55.0,66.0,47.0
9991,674.0,KAA Gent,2013-09-20 00:00:00,50.0,28.0,66.0,34.0
9991,674.0,KAA Gent,2014-09-19 00:00:00,50.0,28.0,66.0,34.0
9991,674.0,KAA Gent,2015-09-10 00:00:00,50.0,42.0,66.0,34.0
9998,1747.0,RAEC Mons,2012-02-22 00:00:00,50.0,55.0,48.0,46.0
9998,1747.0,RAEC Mons,2013-09-20 00:00:00,50.0,55.0,67.0,46.0
9998,1747.0,RAEC Mons,2014-09-19 00:00:00,55.0,55.0,67.0,46.0
7947,,FCV Dender EH,,,,,
9985,232.0,Standard de Liège,2010-02-22 00:00:00,53.0,55.0,55.0,65.0
9985,232.0,Standard de Liège,2011-02-22 00:00:00,68.0,53.0,66.0,63.0
9985,232.0,Standard de Liège,2012-02-22 00:00:00,75.0,55.0,58.0,60.0
9985,232.0,Standard de Liège,2013-09-20 00:00:00,54.0,55.0,58.0,60.0
9985,232.0,Standard de Liège,2014-09-19 00:00:00,54.0,55.0,58.0,60.0
9985,232.0,Standard de Liège,2015-09-10 00:00:00,54.0,55.0,58.0,60.0
8203,110724.0,KV Mechelen,2010-02-22 00:00:00,65.0,50.0,40.0,50.0
8203,110724.0,KV Mechelen,2011-02-22 00:00:00,67.0,47.0,47.0,52.0
8203,110724.0,KV Mechelen,2012-02-22 00:00:00,52.0,47.0,53.0,50.0
8203,110724.0,KV Mechelen,2013-09-20 00:00:00,52.0,47.0,53.0,50.0
8203,110724.0,KV Mechelen,2014-09-19 00:00:00,52.0,47.0,53.0,50.0
8203,110724.0,KV Mechelen,2015-09-10 00:00:00,52.0,47.0,53.0,50.0
8342,231.0,Club Brugge KV,2010-02-22 00:00:00,35.0,45.0,50.0,45.0
8342,231.0,Club Brugge KV,2011-02-22 00:00:00,67.0,68.0,49.0,53.0
8342,231.0,Club Brugge KV,2012-02-22 00:00:00,64.0,48.0,61.0,47.0
8342,231.0,Club Brugge KV,2013-09-20 00:00:00,45.0,48.0,61.0,47.0
8342,231.0,Club Brugge KV,2014-09-19 00:00:00,42.0,42.0,57.0,47.0
8342,231.0,Club Brugge KV,2015-09-10 00:00:00,42.0,42.0,57.0,47.0
9999,546.0,KSV Roeselare,2010-02-22 00:00:00,65.0,50.0,35.0,40.0
8571,100081.0,KV Kortrijk,2010-02-22 00:00:00,50.0,50.0,50.0,50.0
8571,100081.0,KV Kortrijk,2011-02-22 00:00:00,38.0,38.0,69.0,52.0
8571,100081.0,KV Kortrijk,2012-02-22 00:00:00,31.0,37.0,67.0,50.0
8571,100081.0,KV Kortrijk,2013-09-20 00:00:00,42.0,37.0,67.0,30.0
8571,100081.0,KV Kortrijk,2014-09-19 00:00:00,42.0,37.0,67.0,30.0
8571,100081.0,KV Kortrijk,2015-09-10 00:00:00,42.0,37.0,67.0,30.0
4049,,Tubize,,,,,
9996,111560.0,Royal Excel Mouscron,2015-09-10 00:00:00,50.0,50.0,50.0,50.0
9996,111560.0,Royal Excel Mouscron,2015-09-10 00:00:00,50.0,50.0,50.0,50.0
10001,681.0,KVC Westerlo,2010-02-22 00:00:00,45.0,40.0,45.0,55.0
10001,681.0,KVC Westerlo,2011-02-22 00:00:00,34.0,66.0,48.0,53.0
10001,681.0,KVC Westerlo,2012-02-22 00:00:00,52.0,59.0,60.0,32.0
10001,681.0,KVC Westerlo,2015-09-10 00:00:00,52.0,57.0,55.0,32.0
9986,670.0,Sporting Charleroi,2010-02-22 00:00:00,40.0,45.0,43.0,60.0
9986,670.0,Sporting Charleroi,2011-02-22 00:00:00,47.0,34.0,33.0,53.0
9986,670.0,Sporting Charleroi,2013-09-20 00:00:00,60.0,48.0,50.0,48.0
9986,670.0,Sporting Charleroi,2014-09-19 00:00:00,60.0,48.0,50.0,48.0
9986,670.0,Sporting Charleroi,2015-09-10 00:00:00,60.0,48.0,50.0,48.0
9997,680.0,Sint-Truidense VV,2010-02-22 00:00:00,50.0,50.0,50.0,50.0
9997,680.0,Sint-Truidense VV,2011-02-22 00:00:00,53.0,48.0,52.0,53.0
9997,680.0,Sint-Truidense VV,2012-02-22 00:00:00,52.0,52.0,55.0,47.0
9989,239.0,Lierse SK,2011-02-22 00:00:00,48.0,55.0,45.0,50.0
9989,239.0,Lierse SK,2012-02-22 00:00:00,69.0,56.0,52.0,61.0
9989,239.0,Lierse SK,2013-09-20 00:00:00,69.0,56.0,52.0,61.0
9989,239.0,Lierse SK,2014-09-19 00:00:00,69.0,56.0,52.0,61.0
9989,239.0,Lierse SK,2015-09-10 00:00:00,69.0,56.0,52.0,61.0
6351,2013.0,KAS Eupen,2011-02-22 00:00:00,50.0,50.0,55.0,55.0
1773,100087.0,Oud-Heverlee Leuven,2012-02-22 00:00:00,52.0,50.0,53.0,54.0
1773,100087.0,Oud-Heverlee Leuven,2013-09-20 00:00:00,52.0,50.0,53.0,54.0
1773,100087.0,Oud-Heverlee Leuven,2014-09-19 00:00:00,52.0,50.0,53.0,54.0
8475,110913.0,Waasland-Beveren,2013-09-20 00:00:00,62.0,50.0,30.0,54.0
8475,110913.0,Waasland-Beveren,2014-09-19 00:00:00,38.0,29.0,30.0,39.0
8475,110913.0,Waasland-Beveren,2015-09-10 00:00:00,38.0,45.0,42.0,53.0
8573,682.0,KV Oostende,2014-09-19 00:00:00,52.0,45.0,42.0,53.0
8573,682.0,KV Oostende,2015-09-10 00:00:00,52.0,45.0,42.0,53.0
274581,111560.0,Royal Excel Mouscron,2015-09-10 00:00:00,50.0,50.0,50.0,50.0
10260,11.0,Manchester United,2010-02-22 00:00:00,70.0,45.0,70.0,65.0
10260,11.0,Manchester United,2011-02-22 00:00:00,65.0,65.0,65.0,70.0
10260,11.0,Manchester United,2012-02-22 00:00:00,46.0,46.0,60.0,55.0
10260,11.0,Manchester United,2013-09-20 00:00:00,46.0,46.0,68.0,37.0
10260,11.0,Manchester United,2014-09-19 00:00:00,46.0,49.0,72.0,56.0
10260,11.0,Manchester United,2015-09-10 00:00:00,38.0,49.0,44.0,40.0
10261,13.0,Newcastle United,2010-02-22 00:00:00,70.0,65.0,70.0,60.0
10261,13.0,Newcastle United,2011-02-22 00:00:00,55.0,60.0,50.0,60.0
10261,13.0,Newcastle United,2012-02-22 00:00:00,54.0,54.0,68.0,48.0
10261,13.0,Newcastle United,2013-09-20 00:00:00,58.0,48.0,51.0,46.0
10261,13.0,Newcastle United,2014-09-19 00:00:00,54.0,47.0,51.0,39.0
10261,13.0,Newcastle United,2015-09-10 00:00:00,58.0,47.0,54.0,46.0
9825,1.0,Arsenal,2010-02-22 00:00:00,66.0,30.0,45.0,35.0
9825,1.0,Arsenal,2011-02-22 00:00:00,75.0,40.0,45.0,65.0
9825,1.0,Arsenal,2012-02-22 00:00:00,25.0,41.0,34.0,30.0
9825,1.0,Arsenal,2013-09-20 00:00:00,30.0,41.0,55.0,39.0
9825,1.0,Arsenal,2014-09-19 00:00:00,59.0,28.0,55.0,64.0
9825,1.0,Arsenal,2015-09-10 00:00:00,59.0,28.0,44.0,46.0
8659,109.0,West Bromwich Albion,2010-02-22 00:00:00,65.0,70.0,70.0,55.0
8659,109.0,West Bromwich Albion,2011-02-22 00:00:00,60.0,40.0,50.0,45.0
8659,109.0,West Bromwich Albion,2012-02-22 00:00:00,48.0,45.0,60.0,54.0
8659,109.0,West Bromwich Albion,2013-09-20 00:00:00,55.0,57.0,53.0,57.0
8659,109.0,West Bromwich Albion,2014-09-19 00:00:00,55.0,53.0,53.0,57.0
8659,109.0,West Bromwich Albion,2015-09-10 00:00:00,62.0,53.0,50.0,60.0
8472,106.0,Sunderland,2010-02-22 00:00:00,60.0,70.0,70.0,55.0
8472,106.0,Sunderland,2011-02-22 00:00:00,55.0,55.0,65.0,55.0
8472,106.0,Sunderland,2012-02-22 00:00:00,67.0,44.0,72.0,59.0
8472,106.0,Sunderland,2013-09-20 00:00:00,57.0,56.0,31.0,72.0
8472,106.0,Sunderland,2014-09-19 00:00:00,60.0,56.0,44.0,58.0
8472,106.0,Sunderland,2015-09-10 00:00:00,43.0,59.0,50.0,55.0
8650,9.0,Liverpool,2010-02-22 00:00:00,50.0,50.0,60.0,70.0
8650,9.0,Liverpool,2011-02-22 00:00:00,60.0,40.0,45.0,60.0
8650,9.0,Liverpool,2012-02-22 00:00:00,60.0,48.0,73.0,53.0
8650,9.0,Liverpool,2013-09-20 00:00:00,39.0,42.0,34.0,54.0
8650,9.0,Liverpool,2014-09-19 00:00:00,71.0,34.0,41.0,61.0
8650,9.0,Liverpool,2015-09-10 00:00:00,66.0,34.0,34.0,46.0
8654,19.0,West Ham United,2010-02-22 00:00:00,58.0,31.0,70.0,50.0
8654,19.0,West Ham United,2011-02-22 00:00:00,35.0,30.0,45.0,45.0
8654,19.0,West Ham United,2012-02-22 00:00:00,63.0,44.0,60.0,55.0
8654,19.0,West Ham United,2013-09-20 00:00:00,72.0,61.0,74.0,32.0
8654,19.0,West Ham United,2014-09-19 00:00:00,72.0,68.0,71.0,32.0
8654,19.0,West Ham United,2015-09-10 00:00:00,77.0,68.0,73.0,29.0
8528,1917.0,Wigan Athletic,2010-02-22 00:00:00,70.0,70.0,70.0,50.0
8528,1917.0,Wigan Athletic,2011-02-22 00:00:00,35.0,45.0,65.0,50.0
8528,1917.0,Wigan Athletic,2012-02-22 00:00:00,38.0,54.0,42.0,42.0
8528,1917.0,Wigan Athletic,2013-09-20 00:00:00,38.0,43.0,42.0,34.0
8528,1917.0,Wigan Athletic,2014-09-19 00:00:00,51.0,52.0,55.0,57.0
8528,1917.0,Wigan Athletic,2015-09-10 00:00:00,51.0,52.0,59.0,40.0
10252,2.0,Aston Villa,2010-02-22 00:00:00,70.0,65.0,70.0,50.0
10252,2.0,Aston Villa,2011-02-22 00:00:00,65.0,45.0,55.0,50.0
10252,2.0,Aston Villa,2012-02-22 00:00:00,67.0,44.0,60.0,56.0
10252,2.0,Aston Villa,2013-09-20 00:00:00,63.0,52.0,55.0,34.0
10252,2.0,Aston Villa,2014-09-19 00:00:00,66.0,63.0,48.0,56.0
10252,2.0,Aston Villa,2015-09-10 00:00:00,63.0,60.0,48.0,38.0
8456,10.0,Manchester City,2010-02-22 00:00:00,70.0,55.0,70.0,70.0
8456,10.0,Manchester City,2011-02-22 00:00:00,70.0,70.0,65.0,75.0
8456,10.0,Manchester City,2012-02-22 00:00:00,45.0,40.0,38.0,48.0
8456,10.0,Manchester City,2013-09-20 00:00:00,36.0,39.0,44.0,38.0
8456,10.0,Manchester City,2014-09-19 00:00:00,59.0,32.0,49.0,62.0
8456,10.0,Manchester City,2015-09-10 00:00:00,59.0,38.0,36.0,24.0
8668,7.0,Everton,2010-02-22 00:00:00,60.0,60.0,70.0,45.0
8668,7.0,Everton,2011-02-22 00:00:00,60.0,55.0,70.0,55.0
8668,7.0,Everton,2012-02-22 00:00:00,56.0,48.0,57.0,56.0
8668,7.0,Everton,2013-09-20 00:00:00,58.0,48.0,59.0,32.0
8668,7.0,Everton,2014-09-19 00:00:00,61.0,39.0,59.0,48.0
8668,7.0,Everton,2015-09-10 00:00:00,43.0,39.0,33.0,63.0
8655,3.0,Blackburn Rovers,2010-02-22 00:00:00,55.0,60.0,70.0,55.0
8655,3.0,Blackburn Rovers,2011-02-22 00:00:00,55.0,50.0,50.0,35.0
8655,3.0,Blackburn Rovers,2012-02-22 00:00:00,57.0,55.0,45.0,40.0
8655,3.0,Blackburn Rovers,2013-09-20 00:00:00,44.0,55.0,52.0,40.0
8655,3.0,Blackburn Rovers,2014-09-19 00:00:00,44.0,63.0,61.0,40.0
8655,3.0,Blackburn Rovers,2015-09-10 00:00:00,60.0,59.0,58.0,42.0
8549,12.0,Middlesbrough,2010-02-22 00:00:00,70.0,70.0,70.0,50.0
8549,12.0,Middlesbrough,2011-02-22 00:00:00,66.0,64.0,64.0,48.0
8549,12.0,Middlesbrough,2012-02-22 00:00:00,60.0,40.0,56.0,72.0
8549,12.0,Middlesbrough,2013-09-20 00:00:00,60.0,40.0,56.0,57.0
8549,12.0,Middlesbrough,2014-09-19 00:00:00,60.0,49.0,56.0,72.0
8549,12.0,Middlesbrough,2015-09-10 00:00:00,60.0,43.0,55.0,37.0
8586,18.0,Tottenham Hotspur,2010-02-22 00:00:00,70.0,50.0,65.0,50.0
8586,18.0,Tottenham Hotspur,2011-02-22 00:00:00,60.0,70.0,70.0,70.0
8586,18.0,Tottenham Hotspur,2012-02-22 00:00:00,44.0,52.0,63.0,61.0
8586,18.0,Tottenham Hotspur,2013-09-20 00:00:00,42.0,45.0,58.0,68.0
8586,18.0,Tottenham Hotspur,2014-09-19 00:00:00,41.0,41.0,59.0,62.0
8586,18.0,Tottenham Hotspur,2015-09-10 00:00:00,47.0,41.0,41.0,63.0
8559,4.0,Bolton Wanderers,2010-02-22 00:00:00,55.0,70.0,70.0,45.0
8559,4.0,Bolton Wanderers,2011-02-22 00:00:00,45.0,55.0,70.0,50.0
8559,4.0,Bolton Wanderers,2012-02-22 00:00:00,57.0,45.0,54.0,54.0
8559,4.0,Bolton Wanderers,2013-09-20 00:00:00,57.0,42.0,38.0,54.0
8559,4.0,Bolton Wanderers,2014-09-19 00:00:00,57.0,72.0,43.0,56.0
8559,4.0,Bolton Wanderers,2015-09-10 00:00:00,57.0,72.0,60.0,38.0
10194,1806.0,Stoke City,2010-02-22 00:00:00,65.0,70.0,70.0,55.0
10194,1806.0,Stoke City,2011-02-22 00:00:00,50.0,30.0,70.0,35.0
10194,1806.0,Stoke City,2012-02-22 00:00:00,75.0,40.0,72.0,55.0
10194,1806.0,Stoke City,2013-09-20 00:00:00,75.0,59.0,61.0,38.0
10194,1806.0,Stoke City,2014-09-19 00:00:00,48.0,51.0,57.0,37.0
10194,1806.0,Stoke City,2015-09-10 00:00:00,48.0,51.0,59.0,49.0
8667,1952.0,Hull City,2010-02-22 00:00:00,65.0,70.0,70.0,55.0
8667,1952.0,Hull City,2011-02-22 00:00:00,49.0,64.0,64.0,37.0
8667,1952.0,Hull City,2012-02-22 00:00:00,61.0,38.0,60.0,54.0
8667,1952.0,Hull City,2013-09-20 00:00:00,63.0,38.0,60.0,54.0
8667,1952.0,Hull City,2014-09-19 00:00:00,56.0,54.0,60.0,48.0
8667,1952.0,Hull City,2015-09-10 00:00:00,56.0,54.0,49.0,56.0
9879,144.0,Fulham,2010-02-22 00:00:00,60.0,70.0,70.0,50.0
9879,144.0,Fulham,2011-02-22 00:00:00,50.0,45.0,55.0,40.0
9879,144.0,Fulham,2012-02-22 00:00:00,48.0,38.0,62.0,54.0
9879,144.0,Fulham,2013-09-20 00:00:00,52.0,49.0,56.0,59.0
9879,144.0,Fulham,2014-09-19 00:00:00,52.0,58.0,41.0,54.0
9879,144.0,Fulham,2015-09-10 00:00:00,52.0,39.0,54.0,59.0
8455,5.0,Chelsea,2010-02-22 00:00:00,70.0,56.0,70.0,70.0
8455,5.0,Chelsea,2011-02-22 00:00:00,60.0,60.0,60.0,80.0
8455,5.0,Chelsea,2012-02-22 00:00:00,60.0,55.0,45.0,45.0
8455,5.0,Chelsea,2013-09-20 00:00:00,46.0,46.0,61.0,63.0
8455,5.0,Chelsea,2014-09-19 00:00:00,67.0,41.0,61.0,68.0
8455,5.0,Chelsea,2015-09-10 00:00:00,67.0,41.0,34.0,44.0
8462,1790.0,Portsmouth,2010-02-22 00:00:00,70.0,70.0,70.0,55.0
8462,1790.0,Portsmouth,2011-02-22 00:00:00,36.0,48.0,66.0,51.0
8462,1790.0,Portsmouth,2012-02-22 00:00:00,64.0,40.0,42.0,56.0
8462,1790.0,Portsmouth,2013-09-20 00:00:00,68.0,40.0,47.0,56.0
8462,1790.0,Portsmouth,2014-09-19 00:00:00,59.0,49.0,47.0,53.0
8462,1790.0,Portsmouth,2015-09-10 00:00:00,59.0,49.0,47.0,53.0
8658,88.0,Birmingham City,2010-02-22 00:00:00,70.0,70.0,70.0,70.0
8658,88.0,Birmingham City,2011-02-22 00:00:00,45.0,35.0,50.0,40.0
8658,88.0,Birmingham City,2012-02-22 00:00:00,51.0,41.0,62.0,56.0
8658,88.0,Birmingham City,2013-09-20 00:00:00,56.0,45.0,71.0,41.0
8658,88.0,Birmingham City,2014-09-19 00:00:00,56.0,77.0,71.0,56.0
8658,88.0,Birmingham City,2015-09-10 00:00:00,56.0,77.0,62.0,64.0
8602,110.0,Wolverhampton Wanderers,2010-02-22 00:00:00,70.0,70.0,70.0,70.0
8602,110.0,Wolverhampton Wanderers,2011-02-22 00:00:00,55.0,60.0,60.0,45.0
8602,110.0,Wolverhampton Wanderers,2012-02-22 00:00:00,67.0,42.0,68.0,56.0
8602,110.0,Wolverhampton Wanderers,2013-09-20 00:00:00,63.0,42.0,73.0,56.0
8602,110.0,Wolverhampton Wanderers,2014-09-19 00:00:00,47.0,55.0,64.0,56.0
8602,110.0,Wolverhampton Wanderers,2015-09-10 00:00:00,46.0,55.0,47.0,48.0
8191,1796.0,Burnley,2010-02-22 00:00:00,70.0,70.0,70.0,70.0
8191,1796.0,Burnley,2011-02-22 00:00:00,36.0,49.0,68.0,55.0
8191,1796.0,Burnley,2012-02-22 00:00:00,48.0,56.0,58.0,48.0
8191,1796.0,Burnley,2013-09-20 00:00:00,54.0,56.0,59.0,48.0
8191,1796.0,Burnley,2014-09-19 00:00:00,48.0,72.0,59.0,58.0
8191,1796.0,Burnley,2015-09-10 00:00:00,54.0,72.0,57.0,47.0
8483,1926.0,Blackpool,2010-02-22 00:00:00,70.0,70.0,70.0,65.0
8483,1926.0,Blackpool,2011-02-22 00:00:00,70.0,65.0,30.0,65.0
8483,1926.0,Blackpool,2012-02-22 00:00:00,45.0,60.0,58.0,58.0
8483,1926.0,Blackpool,2013-09-20 00:00:00,45.0,60.0,58.0,58.0
8483,1926.0,Blackpool,2014-09-19 00:00:00,67.0,70.0,48.0,58.0
8483,1926.0,Blackpool,2015-09-10 00:00:00,62.0,59.0,43.0,64.0
10003,1960.0,Swansea City,2010-02-22 00:00:00,65.0,70.0,70.0,70.0
10003,1960.0,Swansea City,2011-02-22 00:00:00,66.0,52.0,51.0,64.0
10003,1960.0,Swansea City,2012-02-22 00:00:00,26.0,62.0,39.0,57.0
10003,1960.0,Swansea City,2013-09-20 00:00:00,41.0,36.0,42.0,44.0
10003,1960.0,Swansea City,2014-09-19 00:00:00,63.0,34.0,51.0,36.0
10003,1960.0,Swansea City,2015-09-10 00:00:00,45.0,34.0,36.0,55.0
10172,15.0,Queens Park Rangers,2010-02-22 00:00:00,70.0,70.0,70.0,70.0
10172,15.0,Queens Park Rangers,2011-02-22 00:00:00,51.0,36.0,48.0,52.0
10172,15.0,Queens Park Rangers,2012-02-22 00:00:00,57.0,60.0,48.0,48.0
10172,15.0,Queens Park Rangers,2013-09-20 00:00:00,58.0,53.0,39.0,54.0
10172,15.0,Queens Park Rangers,2014-09-19 00:00:00,52.0,53.0,54.0,54.0
10172,15.0,Queens Park Rangers,2015-09-10 00:00:00,30.0,53.0,53.0,60.0
9850,1792.0,Norwich City,2010-02-22 00:00:00,65.0,70.0,70.0,55.0
9850,1792.0,Norwich City,2011-02-22 00:00:00,49.0,48.0,64.0,66.0
9850,1792.0,Norwich City,2012-02-22 00:00:00,63.0,42.0,76.0,62.0
9850,1792.0,Norwich City,2013-09-20 00:00:00,70.0,56.0,67.0,48.0
9850,1792.0,Norwich City,2014-09-19 00:00:00,45.0,55.0,67.0,42.0
9850,1792.0,Norwich City,2015-09-10 00:00:00,45.0,46.0,54.0,47.0
8466,17.0,Southampton,2010-02-22 00:00:00,70.0,70.0,70.0,65.0
8466,17.0,Southampton,2011-02-22 00:00:00,52.0,48.0,49.0,47.0
8466,17.0,Southampton,2012-02-22 00:00:00,47.0,54.0,56.0,60.0
8466,17.0,Southampton,2013-09-20 00:00:00,47.0,52.0,56.0,58.0
8466,17.0,Southampton,2014-09-19 00:00:00,47.0,42.0,56.0,51.0
8466,17.0,Southampton,2015-09-10 00:00:00,52.0,42.0,54.0,30.0
9798,1793.0,Reading,2010-02-22 00:00:00,70.0,70.0,70.0,70.0
9798,1793.0,Reading,2011-02-22 00:00:00,49.0,57.0,73.0,55.0
9798,1793.0,Reading,2012-02-22 00:00:00,49.0,46.0,58.0,56.0
9798,1793.0,Reading,2013-09-20 00:00:00,49.0,55.0,58.0,37.0
9798,1793.0,Reading,2014-09-19 00:00:00,44.0,71.0,39.0,37.0
9798,1793.0,Reading,2015-09-10 00:00:00,44.0,62.0,65.0,42.0
9826,1799.0,Crystal Palace,2010-02-22 00:00:00,70.0,70.0,70.0,65.0
9826,1799.0,Crystal Palace,2011-02-22 00:00:00,53.0,69.0,48.0,52.0
9826,1799.0,Crystal Palace,2012-02-22 00:00:00,43.0,69.0,66.0,47.0
9826,1799.0,Crystal Palace,2013-09-20 00:00:00,52.0,69.0,66.0,47.0
9826,1799.0,Crystal Palace,2014-09-19 00:00:00,61.0,67.0,62.0,52.0
9826,1799.0,Crystal Palace,2015-09-10 00:00:00,61.0,67.0,69.0,50.0
8344,1961.0,Cardiff City,2010-02-22 00:00:00,65.0,70.0,70.0,70.0
8344,1961.0,Cardiff City,2011-02-22 00:00:00,67.0,67.0,67.0,48.0
8344,1961.0,Cardiff City,2012-02-22 00:00:00,60.0,54.0,46.0,54.0
8344,1961.0,Cardiff City,2013-09-20 00:00:00,60.0,54.0,59.0,62.0
8344,1961.0,Cardiff City,2014-09-19 00:00:00,60.0,52.0,46.0,41.0
8344,1961.0,Cardiff City,2015-09-10 00:00:00,60.0,52.0,56.0,46.0
8197,95.0,Leicester City,2010-02-22 00:00:00,70.0,70.0,70.0,45.0
8197,95.0,Leicester City,2011-02-22 00:00:00,36.0,36.0,52.0,52.0
8197,95.0,Leicester City,2012-02-22 00:00:00,45.0,48.0,56.0,56.0
8197,95.0,Leicester City,2013-09-20 00:00:00,45.0,48.0,56.0,56.0
8197,95.0,Leicester City,2014-09-19 00:00:00,63.0,47.0,62.0,69.0
8197,95.0,Leicester City,2015-09-10 00:00:00,63.0,47.0,64.0,46.0
8678,1943.0,Bournemouth,2010-02-22 00:00:00,70.0,70.0,70.0,60.0
8678,1943.0,Bournemouth,2011-02-22 00:00:00,51.0,68.0,33.0,47.0
8678,1943.0,Bournemouth,2012-02-22 00:00:00,46.0,54.0,60.0,52.0
8678,1943.0,Bournemouth,2013-09-20 00:00:00,39.0,54.0,43.0,52.0
8678,1943.0,Bournemouth,2014-09-19 00:00:00,47.0,46.0,48.0,41.0
8678,1943.0,Bournemouth,2015-09-10 00:00:00,47.0,49.0,45.0,47.0
9817,1795.0,Watford,2010-02-22 00:00:00,70.0,70.0,70.0,65.0
9817,1795.0,Watford,2011-02-22 00:00:00,64.0,67.0,67.0,48.0
9817,1795.0,Watford,2012-02-22 00:00:00,66.0,45.0,60.0,60.0
9817,1795.0,Watford,2013-09-20 00:00:00,67.0,45.0,38.0,53.0
9817,1795.0,Watford,2014-09-19 00:00:00,61.0,54.0,44.0,55.0
9817,1795.0,Watford,2015-09-10 00:00:00,61.0,54.0,42.0,45.0
8583,57.0,AJ Auxerre,2010-02-22 00:00:00,30.0,35.0,65.0,35.0
8583,57.0,AJ Auxerre,2011-02-22 00:00:00,35.0,35.0,65.0,50.0
8583,57.0,AJ Auxerre,2012-02-22 00:00:00,64.0,51.0,63.0,50.0
8583,57.0,AJ Auxerre,2013-09-20 00:00:00,64.0,51.0,63.0,50.0
8583,57.0,AJ Auxerre,2014-09-19 00:00:00,64.0,51.0,63.0,50.0
8583,57.0,AJ Auxerre,2015-09-10 00:00:00,64.0,51.0,63.0,50.0
9830,71.0,FC Nantes,2010-02-22 00:00:00,55.0,60.0,65.0,35.0
9830,71.0,FC Nantes,2011-02-22 00:00:00,50.0,35.0,50.0,35.0
9830,71.0,FC Nantes,2012-02-22 00:00:00,46.0,52.0,34.0,49.0
9830,71.0,FC Nantes,2013-09-20 00:00:00,46.0,52.0,44.0,49.0
9830,71.0,FC Nantes,2014-09-19 00:00:00,63.0,52.0,55.0,49.0
9830,71.0,FC Nantes,2015-09-10 00:00:00,63.0,52.0,55.0,46.0
9827,59.0,Girondins de Bordeaux,2010-02-22 00:00:00,70.0,70.0,50.0,70.0
9827,59.0,Girondins de Bordeaux,2011-02-22 00:00:00,50.0,50.0,65.0,65.0
9827,59.0,Girondins de Bordeaux,2012-02-22 00:00:00,49.0,49.0,64.0,51.0
9827,59.0,Girondins de Bordeaux,2013-09-20 00:00:00,49.0,49.0,64.0,51.0
9827,59.0,Girondins de Bordeaux,2014-09-19 00:00:00,38.0,49.0,55.0,51.0
9827,59.0,Girondins de Bordeaux,2015-09-10 00:00:00,51.0,49.0,63.0,44.0
7819,210.0,SM Caen,2010-02-22 00:00:00,65.0,50.0,65.0,40.0
7819,210.0,SM Caen,2011-02-22 00:00:00,65.0,35.0,65.0,65.0
7819,210.0,SM Caen,2012-02-22 00:00:00,48.0,48.0,54.0,53.0
7819,210.0,SM Caen,2013-09-20 00:00:00,48.0,48.0,54.0,53.0
7819,210.0,SM Caen,2014-09-19 00:00:00,62.0,48.0,54.0,53.0
7819,210.0,SM Caen,2015-09-10 00:00:00,62.0,48.0,54.0,53.0
9746,1738.0,Le Havre AC,2010-02-22 00:00:00,55.0,40.0,50.0,65.0
9746,1738.0,Le Havre AC,2011-02-22 00:00:00,50.0,65.0,50.0,65.0
9746,1738.0,Le Havre AC,2012-02-22 00:00:00,46.0,49.0,54.0,52.0
9746,1738.0,Le Havre AC,2013-09-20 00:00:00,46.0,49.0,54.0,52.0
9746,1738.0,Le Havre AC,2014-09-19 00:00:00,46.0,49.0,54.0,52.0
9746,1738.0,Le Havre AC,2015-09-10 00:00:00,46.0,49.0,54.0,52.0
9831,72.0,OGC Nice,2010-02-22 00:00:00,70.0,60.0,30.0,65.0
9831,72.0,OGC Nice,2011-02-22 00:00:00,50.0,50.0,50.0,65.0
9831,72.0,OGC Nice,2012-02-22 00:00:00,48.0,49.0,51.0,34.0
9831,72.0,OGC Nice,2013-09-20 00:00:00,48.0,49.0,66.0,34.0
9831,72.0,OGC Nice,2014-09-19 00:00:00,48.0,49.0,66.0,34.0
9831,72.0,OGC Nice,2015-09-10 00:00:00,48.0,49.0,66.0,38.0
8682,1739.0,Le Mans FC,2010-02-22 00:00:00,70.0,65.0,60.0,65.0
8682,1739.0,Le Mans FC,2011-02-22 00:00:00,65.0,65.0,65.0,65.0
8682,1739.0,Le Mans FC,2012-02-22 00:00:00,58.0,49.0,68.0,50.0
8682,1739.0,Le Mans FC,2013-09-20 00:00:00,58.0,49.0,68.0,50.0
8689,217.0,FC Lorient,2010-02-22 00:00:00,45.0,30.0,50.0,40.0
8689,217.0,FC Lorient,2011-02-22 00:00:00,35.0,80.0,50.0,50.0
8689,217.0,FC Lorient,2012-02-22 00:00:00,60.0,48.0,53.0,64.0
8689,217.0,FC Lorient,2013-09-20 00:00:00,60.0,48.0,53.0,64.0
8689,217.0,FC Lorient,2014-09-19 00:00:00,60.0,48.0,53.0,64.0
8689,217.0,FC Lorient,2015-09-10 00:00:00,57.0,48.0,53.0,46.0
9748,66.0,Olympique Lyonnais,2010-02-22 00:00:00,60.0,70.0,45.0,70.0
9748,66.0,Olympique Lyonnais,2011-02-22 00:00:00,65.0,50.0,50.0,80.0
9748,66.0,Olympique Lyonnais,2012-02-22 00:00:00,49.0,49.0,54.0,67.0
9748,66.0,Olympique Lyonnais,2013-09-20 00:00:00,49.0,49.0,54.0,67.0
9748,66.0,Olympique Lyonnais,2014-09-19 00:00:00,49.0,49.0,54.0,67.0
9748,66.0,Olympique Lyonnais,2015-09-10 00:00:00,49.0,49.0,54.0,67.0
9941,1809.0,Toulouse FC,2010-02-22 00:00:00,35.0,45.0,70.0,35.0
9941,1809.0,Toulouse FC,2011-02-22 00:00:00,65.0,50.0,50.0,65.0
9941,1809.0,Toulouse FC,2012-02-22 00:00:00,49.0,52.0,34.0,36.0
9941,1809.0,Toulouse FC,2013-09-20 00:00:00,49.0,52.0,34.0,36.0
9941,1809.0,Toulouse FC,2014-09-19 00:00:00,49.0,52.0,34.0,57.0
9941,1809.0,Toulouse FC,2015-09-10 00:00:00,49.0,52.0,34.0,36.0
9829,69.0,AS Monaco,2010-02-22 00:00:00,35.0,65.0,55.0,45.0
9829,69.0,AS Monaco,2011-02-22 00:00:00,65.0,65.0,35.0,50.0
9829,69.0,AS Monaco,2012-02-22 00:00:00,52.0,37.0,37.0,37.0
9829,69.0,AS Monaco,2013-09-20 00:00:00,52.0,37.0,37.0,37.0
9829,69.0,AS Monaco,2014-09-19 00:00:00,52.0,37.0,37.0,37.0
9829,69.0,AS Monaco,2015-09-10 00:00:00,52.0,54.0,56.0,23.0
9847,73.0,Paris Saint-Germain,2010-02-22 00:00:00,50.0,40.0,65.0,55.0
9847,73.0,Paris Saint-Germain,2011-02-22 00:00:00,35.0,35.0,35.0,50.0
9847,73.0,Paris Saint-Germain,2012-02-22 00:00:00,49.0,62.0,52.0,60.0
9847,73.0,Paris Saint-Germain,2013-09-20 00:00:00,49.0,62.0,52.0,60.0
9847,73.0,Paris Saint-Germain,2014-09-19 00:00:00,49.0,62.0,61.0,68.0
9847,73.0,Paris Saint-Germain,2015-09-10 00:00:00,49.0,62.0,61.0,35.0
8481,1823.0,AS Nancy-Lorraine,2010-02-22 00:00:00,65.0,60.0,70.0,30.0
8481,1823.0,AS Nancy-Lorraine,2011-02-22 00:00:00,35.0,35.0,65.0,35.0
8481,1823.0,AS Nancy-Lorraine,2012-02-22 00:00:00,49.0,52.0,53.0,67.0
8481,1823.0,AS Nancy-Lorraine,2013-09-20 00:00:00,49.0,52.0,53.0,67.0
8481,1823.0,AS Nancy-Lorraine,2014-09-19 00:00:00,49.0,52.0,53.0,67.0
8481,1823.0,AS Nancy-Lorraine,2015-09-10 00:00:00,49.0,52.0,53.0,67.0
8639,65.0,LOSC Lille,2010-02-22 00:00:00,70.0,50.0,45.0,55.0
8639,65.0,LOSC Lille,2011-02-22 00:00:00,65.0,50.0,80.0,50.0
8639,65.0,LOSC Lille,2012-02-22 00:00:00,34.0,63.0,52.0,49.0
8639,65.0,LOSC Lille,2013-09-20 00:00:00,34.0,63.0,52.0,49.0
8639,65.0,LOSC Lille,2014-09-19 00:00:00,45.0,68.0,52.0,49.0
8639,65.0,LOSC Lille,2015-09-10 00:00:00,45.0,68.0,52.0,64.0
9851,74.0,Stade Rennais FC,2010-02-22 00:00:00,50.0,70.0,60.0,60.0
9851,74.0,Stade Rennais FC,2011-02-22 00:00:00,65.0,65.0,65.0,65.0
9851,74.0,Stade Rennais FC,2012-02-22 00:00:00,64.0,49.0,52.0,64.0
9851,74.0,Stade Rennais FC,2013-09-20 00:00:00,64.0,49.0,52.0,64.0
9851,74.0,Stade Rennais FC,2014-09-19 00:00:00,64.0,49.0,52.0,64.0
9851,74.0,Stade Rennais FC,2015-09-10 00:00:00,64.0,49.0,52.0,64.0
8592,219.0,Olympique de Marseille,2010-02-22 00:00:00,55.0,70.0,65.0,70.0
8592,219.0,Olympique de Marseille,2011-02-22 00:00:00,65.0,65.0,65.0,80.0
8592,219.0,Olympique de Marseille,2012-02-22 00:00:00,48.0,49.0,51.0,48.0
8592,219.0,Olympique de Marseille,2013-09-20 00:00:00,48.0,49.0,77.0,64.0
8592,219.0,Olympique de Marseille,2014-09-19 00:00:00,51.0,49.0,69.0,68.0
8592,219.0,Olympique de Marseille,2015-09-10 00:00:00,51.0,49.0,69.0,31.0
9874,226.0,FC Sochaux-Montbéliard,2010-02-22 00:00:00,66.0,35.0,40.0,50.0
9874,226.0,FC Sochaux-Montbéliard,2011-02-22 00:00:00,50.0,35.0,65.0,35.0
9874,226.0,FC Sochaux-Montbéliard,2012-02-22 00:00:00,63.0,63.0,72.0,49.0
9874,226.0,FC Sochaux-Montbéliard,2013-09-20 00:00:00,63.0,63.0,64.0,49.0
9874,226.0,FC Sochaux-Montbéliard,2014-09-19 00:00:00,63.0,63.0,64.0,49.0
9874,226.0,FC Sochaux-Montbéliard,2015-09-10 00:00:00,63.0,63.0,64.0,49.0
9855,1805.0,Grenoble Foot 38,2010-02-22 00:00:00,70.0,65.0,60.0,70.0
9855,1805.0,Grenoble Foot 38,2011-02-22 00:00:00,50.0,50.0,50.0,50.0
9873,110456.0,Valenciennes FC,2010-02-22 00:00:00,60.0,50.0,60.0,60.0
9873,110456.0,Valenciennes FC,2011-02-22 00:00:00,65.0,50.0,65.0,50.0
9873,110456.0,Valenciennes FC,2012-02-22 00:00:00,49.0,51.0,60.0,61.0
9873,110456.0,Valenciennes FC,2013-09-20 00:00:00,49.0,51.0,76.0,61.0
9873,110456.0,Valenciennes FC,2014-09-19 00:00:00,49.0,51.0,67.0,56.0
9873,110456.0,Valenciennes FC,2015-09-10 00:00:00,49.0,51.0,67.0,56.0
9853,1819.0,AS Saint-Étienne,2010-02-22 00:00:00,65.0,55.0,60.0,60.0
9853,1819.0,AS Saint-Étienne,2011-02-22 00:00:00,65.0,35.0,65.0,65.0
9853,1819.0,AS Saint-Étienne,2012-02-22 00:00:00,49.0,48.0,52.0,52.0
9853,1819.0,AS Saint-Étienne,2013-09-20 00:00:00,49.0,48.0,52.0,52.0
9853,1819.0,AS Saint-Étienne,2014-09-19 00:00:00,58.0,48.0,52.0,52.0
9853,1819.0,AS Saint-Étienne,2015-09-10 00:00:00,58.0,48.0,64.0,52.0
8588,64.0,RC Lens,2010-02-22 00:00:00,30.0,60.0,50.0,70.0
8588,64.0,RC Lens,2011-02-22 00:00:00,65.0,50.0,65.0,65.0
8588,64.0,RC Lens,2012-02-22 00:00:00,64.0,49.0,53.0,34.0
8588,64.0,RC Lens,2013-09-20 00:00:00,64.0,49.0,53.0,37.0
8588,64.0,RC Lens,2014-09-19 00:00:00,64.0,49.0,53.0,34.0
8588,64.0,RC Lens,2015-09-10 00:00:00,64.0,49.0,53.0,46.0
10249,70.0,Montpellier Hérault SC,2010-02-22 00:00:00,35.0,55.0,35.0,70.0
10249,70.0,Montpellier Hérault SC,2011-02-22 00:00:00,50.0,35.0,50.0,50.0
10249,70.0,Montpellier Hérault SC,2012-02-22 00:00:00,52.0,48.0,49.0,52.0
10249,70.0,Montpellier Hérault SC,2013-09-20 00:00:00,52.0,48.0,49.0,52.0
10249,70.0,Montpellier Hérault SC,2014-09-19 00:00:00,52.0,48.0,49.0,52.0
10249,70.0,Montpellier Hérault SC,2015-09-10 00:00:00,54.0,48.0,49.0,45.0
4170,111376.0,US Boulogne Cote D'Opale,2010-02-22 00:00:00,45.0,35.0,55.0,60.0
4170,111376.0,US Boulogne Cote D'Opale,2011-02-22 00:00:00,50.0,35.0,65.0,65.0
4170,111376.0,US Boulogne Cote D'Opale,2012-02-22 00:00:00,49.0,47.0,57.0,50.0
108893,111989.0,AC Arles-Avignon,2010-02-22 00:00:00,50.0,30.0,35.0,30.0
108893,111989.0,AC Arles-Avignon,2011-02-22 00:00:00,50.0,35.0,35.0,35.0
108893,111989.0,AC Arles-Avignon,2012-02-22 00:00:00,23.0,49.0,40.0,43.0
108893,111989.0,AC Arles-Avignon,2013-09-20 00:00:00,41.0,58.0,40.0,43.0
108893,111989.0,AC Arles-Avignon,2014-09-19 00:00:00,39.0,49.0,40.0,43.0
108893,111989.0,AC Arles-Avignon,2015-09-10 00:00:00,56.0,55.0,40.0,43.0
8521,378.0,Stade Brestois 29,2010-02-22 00:00:00,50.0,30.0,40.0,60.0
8521,378.0,Stade Brestois 29,2011-02-22 00:00:00,65.0,50.0,65.0,50.0
8521,378.0,Stade Brestois 29,2012-02-22 00:00:00,64.0,49.0,53.0,66.0
8521,378.0,Stade Brestois 29,2013-09-20 00:00:00,59.0,49.0,53.0,66.0
8521,378.0,Stade Brestois 29,2014-09-19 00:00:00,59.0,49.0,53.0,66.0
8521,378.0,Stade Brestois 29,2015-09-10 00:00:00,59.0,49.0,53.0,66.0
8576,614.0,AC Ajaccio,2010-02-22 00:00:00,60.0,45.0,35.0,55.0
8576,614.0,AC Ajaccio,2011-02-22 00:00:00,65.0,65.0,65.0,50.0
8576,614.0,AC Ajaccio,2012-02-22 00:00:00,59.0,48.0,34.0,52.0
8576,614.0,AC Ajaccio,2013-09-20 00:00:00,59.0,48.0,34.0,52.0
8576,614.0,AC Ajaccio,2014-09-19 00:00:00,59.0,48.0,38.0,52.0
8576,614.0,AC Ajaccio,2015-09-10 00:00:00,59.0,48.0,38.0,52.0
4087,111271.0,Évian Thonon Gaillard FC,2011-02-22 00:00:00,35.0,50.0,65.0,65.0
4087,111271.0,Évian Thonon Gaillard FC,2012-02-22 00:00:00,53.0,52.0,52.0,64.0
4087,111271.0,Évian Thonon Gaillard FC,2013-09-20 00:00:00,53.0,52.0,52.0,64.0
4087,111271.0,Évian Thonon Gaillard FC,2014-09-19 00:00:00,61.0,52.0,61.0,48.0
4087,111271.0,Évian Thonon Gaillard FC,2015-09-10 00:00:00,58.0,52.0,61.0,51.0
9836,110569.0,Dijon FCO,2010-02-22 00:00:00,55.0,40.0,40.0,55.0
9836,110569.0,Dijon FCO,2011-02-22 00:00:00,65.0,50.0,65.0,50.0
9836,110569.0,Dijon FCO,2012-02-22 00:00:00,51.0,49.0,52.0,52.0
9836,110569.0,Dijon FCO,2013-09-20 00:00:00,51.0,49.0,52.0,52.0
9836,110569.0,Dijon FCO,2014-09-19 00:00:00,51.0,49.0,52.0,52.0
9836,110569.0,Dijon FCO,2015-09-10 00:00:00,51.0,49.0,52.0,52.0
9837,379.0,Stade de Reims,2011-02-22 00:00:00,35.0,65.0,50.0,50.0
9837,379.0,Stade de Reims,2012-02-22 00:00:00,61.0,48.0,52.0,50.0
9837,379.0,Stade de Reims,2013-09-20 00:00:00,61.0,48.0,52.0,50.0
9837,379.0,Stade de Reims,2014-09-19 00:00:00,48.0,48.0,52.0,50.0
9837,379.0,Stade de Reims,2015-09-10 00:00:00,48.0,48.0,52.0,58.0
7794,58.0,SC Bastia,2010-02-22 00:00:00,40.0,50.0,35.0,55.0
7794,58.0,SC Bastia,2012-02-22 00:00:00,50.0,50.0,51.0,49.0
7794,58.0,SC Bastia,2013-09-20 00:00:00,50.0,50.0,51.0,49.0
7794,58.0,SC Bastia,2014-09-19 00:00:00,67.0,56.0,51.0,49.0
7794,58.0,SC Bastia,2015-09-10 00:00:00,61.0,56.0,51.0,49.0
10242,294.0,ES Troyes AC,2011-02-22 00:00:00,35.0,50.0,50.0,35.0
10242,294.0,ES Troyes AC,2012-02-22 00:00:00,49.0,52.0,49.0,49.0
10242,294.0,ES Troyes AC,2013-09-20 00:00:00,49.0,52.0,49.0,49.0
10242,294.0,ES Troyes AC,2014-09-19 00:00:00,49.0,52.0,49.0,46.0
10242,294.0,ES Troyes AC,2015-09-10 00:00:00,49.0,52.0,49.0,46.0
9747,62.0,En Avant de Guingamp,2010-02-22 00:00:00,35.0,45.0,55.0,70.0
9747,62.0,En Avant de Guingamp,2012-02-22 00:00:00,52.0,53.0,49.0,48.0
9747,62.0,En Avant de Guingamp,2013-09-20 00:00:00,52.0,53.0,49.0,59.0
9747,62.0,En Avant de Guingamp,2014-09-19 00:00:00,63.0,53.0,49.0,48.0
9747,62.0,En Avant de Guingamp,2015-09-10 00:00:00,63.0,42.0,56.0,36.0
8550,68.0,FC Metz,2010-02-22 00:00:00,50.0,50.0,60.0,65.0
8550,68.0,FC Metz,2011-02-22 00:00:00,65.0,35.0,65.0,50.0
8550,68.0,FC Metz,2012-02-22 00:00:00,50.0,49.0,54.0,53.0
8550,68.0,FC Metz,2014-09-19 00:00:00,55.0,49.0,54.0,53.0
8550,68.0,FC Metz,2015-09-10 00:00:00,55.0,46.0,54.0,53.0
8121,1530.0,Angers SCO,2010-02-22 00:00:00,45.0,35.0,50.0,60.0
8121,1530.0,Angers SCO,2011-02-22 00:00:00,65.0,50.0,65.0,65.0
8121,1530.0,Angers SCO,2012-02-22 00:00:00,50.0,52.0,52.0,48.0
8121,1530.0,Angers SCO,2013-09-20 00:00:00,50.0,52.0,52.0,48.0
8121,1530.0,Angers SCO,2014-09-19 00:00:00,48.0,40.0,52.0,48.0
8121,1530.0,Angers SCO,2015-09-10 00:00:00,48.0,40.0,52.0,48.0
6391,110316.0,GFC Ajaccio,2013-09-20 00:00:00,61.0,55.0,66.0,58.0
6391,110316.0,GFC Ajaccio,2015-09-10 00:00:00,48.0,55.0,53.0,55.0
9823,21.0,FC Bayern Munich,2010-02-22 00:00:00,65.0,65.0,70.0,70.0
9823,21.0,FC Bayern Munich,2011-02-22 00:00:00,42.0,34.0,30.0,72.0
9823,21.0,FC Bayern Munich,2012-02-22 00:00:00,47.0,34.0,31.0,55.0
9823,21.0,FC Bayern Munich,2013-09-20 00:00:00,56.0,40.0,44.0,39.0
9823,21.0,FC Bayern Munich,2014-09-19 00:00:00,37.0,21.0,38.0,40.0
9823,21.0,FC Bayern Munich,2015-09-10 00:00:00,45.0,37.0,31.0,22.0
9790,28.0,Hamburger SV,2010-02-22 00:00:00,70.0,70.0,60.0,70.0
9790,28.0,Hamburger SV,2011-02-22 00:00:00,52.0,61.0,58.0,54.0
9790,28.0,Hamburger SV,2012-02-22 00:00:00,46.0,60.0,55.0,39.0
9790,28.0,Hamburger SV,2013-09-20 00:00:00,34.0,34.0,59.0,48.0
9790,28.0,Hamburger SV,2014-09-19 00:00:00,45.0,60.0,73.0,62.0
9790,28.0,Hamburger SV,2015-09-10 00:00:00,42.0,62.0,58.0,47.0
8178,32.0,Bayer 04 Leverkusen,2010-02-22 00:00:00,70.0,70.0,70.0,70.0
8178,32.0,Bayer 04 Leverkusen,2011-02-22 00:00:00,67.0,51.0,47.0,55.0
8178,32.0,Bayer 04 Leverkusen,2012-02-22 00:00:00,58.0,52.0,55.0,56.0
8178,32.0,Bayer 04 Leverkusen,2013-09-20 00:00:00,64.0,52.0,54.0,37.0
8178,32.0,Bayer 04 Leverkusen,2014-09-19 00:00:00,69.0,52.0,55.0,39.0
8178,32.0,Bayer 04 Leverkusen,2015-09-10 00:00:00,73.0,77.0,54.0,61.0
9789,22.0,Borussia Dortmund,2010-02-22 00:00:00,70.0,70.0,34.0,66.0
9789,22.0,Borussia Dortmund,2011-02-22 00:00:00,73.0,60.0,53.0,64.0
9789,22.0,Borussia Dortmund,2012-02-22 00:00:00,71.0,67.0,44.0,70.0
9789,22.0,Borussia Dortmund,2013-09-20 00:00:00,74.0,70.0,48.0,76.0
9789,22.0,Borussia Dortmund,2014-09-19 00:00:00,76.0,53.0,44.0,73.0
9789,22.0,Borussia Dortmund,2015-09-10 00:00:00,71.0,70.0,44.0,49.0
10189,34.0,FC Schalke 04,2010-02-22 00:00:00,65.0,55.0,70.0,70.0
10189,34.0,FC Schalke 04,2011-02-22 00:00:00,63.0,55.0,70.0,62.0
10189,34.0,FC Schalke 04,2012-02-22 00:00:00,50.0,59.0,52.0,56.0
10189,34.0,FC Schalke 04,2013-09-20 00:00:00,60.0,62.0,54.0,52.0
10189,34.0,FC Schalke 04,2014-09-19 00:00:00,39.0,42.0,56.0,41.0
10189,34.0,FC Schalke 04,2015-09-10 00:00:00,58.0,64.0,61.0,37.0
9904,485.0,Hannover 96,2010-02-22 00:00:00,55.0,65.0,45.0,65.0
9904,485.0,Hannover 96,2011-02-22 00:00:00,55.0,55.0,43.0,53.0
9904,485.0,Hannover 96,2012-02-22 00:00:00,65.0,63.0,44.0,64.0
9904,485.0,Hannover 96,2013-09-20 00:00:00,78.0,66.0,39.0,41.0
9904,485.0,Hannover 96,2014-09-19 00:00:00,48.0,38.0,51.0,40.0
9904,485.0,Hannover 96,2015-09-10 00:00:00,48.0,38.0,51.0,40.0
8721,175.0,VfL Wolfsburg,2010-02-22 00:00:00,65.0,65.0,60.0,70.0
8721,175.0,VfL Wolfsburg,2011-02-22 00:00:00,65.0,65.0,36.0,51.0
8721,175.0,VfL Wolfsburg,2012-02-22 00:00:00,54.0,67.0,56.0,48.0
8721,175.0,VfL Wolfsburg,2013-09-20 00:00:00,58.0,68.0,72.0,70.0
8721,175.0,VfL Wolfsburg,2014-09-19 00:00:00,58.0,68.0,60.0,54.0
8721,175.0,VfL Wolfsburg,2015-09-10 00:00:00,68.0,69.0,66.0,50.0
8722,31.0,1. FC Köln,2010-02-22 00:00:00,55.0,65.0,40.0,60.0
8722,31.0,1. FC Köln,2011-02-22 00:00:00,58.0,42.0,39.0,50.0
8722,31.0,1. FC Köln,2012-02-22 00:00:00,53.0,57.0,44.0,57.0
8722,31.0,1. FC Köln,2013-09-20 00:00:00,60.0,57.0,44.0,57.0
8722,31.0,1. FC Köln,2014-09-19 00:00:00,59.0,53.0,47.0,59.0
8722,31.0,1. FC Köln,2015-09-10 00:00:00,59.0,57.0,36.0,71.0
9810,1824.0,Eintracht Frankfurt,2010-02-22 00:00:00,60.0,35.0,70.0,60.0
9810,1824.0,Eintracht Frankfurt,2011-02-22 00:00:00,52.0,62.0,62.0,41.0
9810,1824.0,Eintracht Frankfurt,2012-02-22 00:00:00,38.0,47.0,45.0,48.0
9810,1824.0,Eintracht Frankfurt,2013-09-20 00:00:00,41.0,47.0,45.0,48.0
9810,1824.0,Eintracht Frankfurt,2014-09-19 00:00:00,63.0,57.0,50.0,52.0
9810,1824.0,Eintracht Frankfurt,2015-09-10 00:00:00,51.0,47.0,58.0,40.0
8177,166.0,Hertha BSC Berlin,2010-02-22 00:00:00,60.0,45.0,55.0,55.0
8177,166.0,Hertha BSC Berlin,2011-02-22 00:00:00,59.0,56.0,50.0,66.0
8177,166.0,Hertha BSC Berlin,2012-02-22 00:00:00,48.0,45.0,51.0,46.0
8177,166.0,Hertha BSC Berlin,2013-09-20 00:00:00,40.0,63.0,46.0,63.0
8177,166.0,Hertha BSC Berlin,2014-09-19 00:00:00,68.0,51.0,59.0,59.0
8177,166.0,Hertha BSC Berlin,2015-09-10 00:00:00,47.0,59.0,68.0,45.0
9912,159.0,DSC Arminia Bielefeld,2010-02-22 00:00:00,40.0,45.0,70.0,50.0
9912,159.0,DSC Arminia Bielefeld,2011-02-22 00:00:00,46.0,45.0,33.0,42.0
9912,159.0,DSC Arminia Bielefeld,2014-09-19 00:00:00,62.0,56.0,51.0,52.0
8697,38.0,SV Werder Bremen,2010-02-22 00:00:00,70.0,70.0,40.0,70.0
8697,38.0,SV Werder Bremen,2011-02-22 00:00:00,64.0,65.0,48.0,64.0
8697,38.0,SV Werder Bremen,2012-02-22 00:00:00,54.0,68.0,58.0,48.0
8697,38.0,SV Werder Bremen,2013-09-20 00:00:00,68.0,71.0,67.0,78.0
8697,38.0,SV Werder Bremen,2014-09-19 00:00:00,40.0,37.0,40.0,51.0
8697,38.0,SV Werder Bremen,2015-09-10 00:00:00,56.0,68.0,66.0,58.0
8398,162.0,FC Energie Cottbus,2010-02-22 00:00:00,45.0,30.0,55.0,45.0
8398,162.0,FC Energie Cottbus,2011-02-22 00:00:00,64.0,71.0,38.0,52.0
8398,162.0,FC Energie Cottbus,2012-02-22 00:00:00,50.0,47.0,67.0,53.0
8398,162.0,FC Energie Cottbus,2013-09-20 00:00:00,50.0,47.0,67.0,53.0
8398,162.0,FC Energie Cottbus,2014-09-19 00:00:00,39.0,52.0,67.0,56.0
8226,10029.0,TSG 1899 Hoffenheim,2010-02-22 00:00:00,70.0,70.0,55.0,55.0
8226,10029.0,TSG 1899 Hoffenheim,2011-02-22 00:00:00,75.0,72.0,51.0,68.0
8226,10029.0,TSG 1899 Hoffenheim,2012-02-22 00:00:00,61.0,42.0,62.0,54.0
8226,10029.0,TSG 1899 Hoffenheim,2013-09-20 00:00:00,32.0,36.0,62.0,64.0
8226,10029.0,TSG 1899 Hoffenheim,2014-09-19 00:00:00,68.0,68.0,38.0,55.0
8226,10029.0,TSG 1899 Hoffenheim,2015-09-10 00:00:00,69.0,66.0,62.0,59.0
9788,23.0,Borussia Mönchengladbach,2010-02-22 00:00:00,65.0,50.0,70.0,65.0
9788,23.0,Borussia Mönchengladbach,2011-02-22 00:00:00,63.0,60.0,51.0,61.0
9788,23.0,Borussia Mönchengladbach,2012-02-22 00:00:00,57.0,54.0,48.0,55.0
9788,23.0,Borussia Mönchengladbach,2013-09-20 00:00:00,76.0,66.0,48.0,30.0
9788,23.0,Borussia Mönchengladbach,2014-09-19 00:00:00,31.0,38.0,26.0,49.0
9788,23.0,Borussia Mönchengladbach,2015-09-10 00:00:00,31.0,38.0,26.0,49.0
10269,36.0,VfB Stuttgart,2010-02-22 00:00:00,70.0,60.0,70.0,70.0
10269,36.0,VfB Stuttgart,2011-02-22 00:00:00,64.0,60.0,62.0,56.0
10269,36.0,VfB Stuttgart,2012-02-22 00:00:00,50.0,56.0,66.0,48.0
10269,36.0,VfB Stuttgart,2013-09-20 00:00:00,59.0,58.0,66.0,65.0
10269,36.0,VfB Stuttgart,2014-09-19 00:00:00,54.0,60.0,56.0,48.0
10269,36.0,VfB Stuttgart,2015-09-10 00:00:00,59.0,58.0,66.0,48.0
8295,1832.0,Karlsruher SC,2010-02-22 00:00:00,70.0,70.0,65.0,70.0
8295,1832.0,Karlsruher SC,2011-02-22 00:00:00,53.0,71.0,56.0,56.0
8295,1832.0,Karlsruher SC,2012-02-22 00:00:00,54.0,53.0,44.0,49.0
8295,1832.0,Karlsruher SC,2014-09-19 00:00:00,56.0,53.0,46.0,49.0
8295,1832.0,Karlsruher SC,2015-09-10 00:00:00,54.0,53.0,44.0,49.0
9911,160.0,VfL Bochum,2010-02-22 00:00:00,50.0,55.0,45.0,50.0
9911,160.0,VfL Bochum,2011-02-22 00:00:00,55.0,55.0,49.0,52.0
9911,160.0,VfL Bochum,2012-02-22 00:00:00,40.0,51.0,54.0,37.0
9911,160.0,VfL Bochum,2013-09-20 00:00:00,40.0,51.0,54.0,37.0
9911,160.0,VfL Bochum,2014-09-19 00:00:00,38.0,51.0,54.0,36.0
9911,160.0,VfL Bochum,2015-09-10 00:00:00,69.0,66.0,40.0,66.0
8358,25.0,SC Freiburg,2010-02-22 00:00:00,50.0,30.0,70.0,60.0
8358,25.0,SC Freiburg,2011-02-22 00:00:00,50.0,47.0,41.0,34.0
8358,25.0,SC Freiburg,2012-02-22 00:00:00,52.0,62.0,50.0,42.0
8358,25.0,SC Freiburg,2013-09-20 00:00:00,59.0,55.0,39.0,43.0
8358,25.0,SC Freiburg,2014-09-19 00:00:00,39.0,55.0,33.0,44.0
8358,25.0,SC Freiburg,2015-09-10 00:00:00,59.0,55.0,44.0,45.0
8165,171.0,1. FC Nürnberg,2010-02-22 00:00:00,45.0,40.0,70.0,70.0
8165,171.0,1. FC Nürnberg,2011-02-22 00:00:00,45.0,47.0,45.0,56.0
8165,171.0,1. FC Nürnberg,2012-02-22 00:00:00,44.0,51.0,49.0,48.0
8165,171.0,1. FC Nürnberg,2013-09-20 00:00:00,46.0,56.0,54.0,67.0
8165,171.0,1. FC Nürnberg,2014-09-19 00:00:00,46.0,58.0,48.0,55.0
8165,171.0,1. FC Nürnberg,2015-09-10 00:00:00,46.0,51.0,52.0,59.0
9905,169.0,1. FSV Mainz 05,2010-02-22 00:00:00,45.0,45.0,70.0,70.0
9905,169.0,1. FSV Mainz 05,2011-02-22 00:00:00,65.0,59.0,62.0,53.0
9905,169.0,1. FSV Mainz 05,2012-02-22 00:00:00,68.0,55.0,39.0,60.0
9905,169.0,1. FSV Mainz 05,2013-09-20 00:00:00,66.0,55.0,37.0,56.0
9905,169.0,1. FSV Mainz 05,2014-09-19 00:00:00,67.0,55.0,38.0,44.0
9905,169.0,1. FSV Mainz 05,2015-09-10 00:00:00,60.0,49.0,40.0,44.0
8350,29.0,1. FC Kaiserslautern,2010-02-22 00:00:00,45.0,45.0,70.0,70.0
8350,29.0,1. FC Kaiserslautern,2011-02-22 00:00:00,48.0,49.0,68.0,53.0
8350,29.0,1. FC Kaiserslautern,2012-02-22 00:00:00,38.0,43.0,49.0,64.0
8350,29.0,1. FC Kaiserslautern,2013-09-20 00:00:00,61.0,43.0,62.0,56.0
8350,29.0,1. FC Kaiserslautern,2014-09-19 00:00:00,66.0,54.0,69.0,51.0
8350,29.0,1. FC Kaiserslautern,2015-09-10 00:00:00,49.0,49.0,54.0,64.0
8152,110329.0,FC St. Pauli,2010-02-22 00:00:00,60.0,50.0,70.0,70.0
8152,110329.0,FC St. Pauli,2011-02-22 00:00:00,60.0,63.0,55.0,56.0
8152,110329.0,FC St. Pauli,2012-02-22 00:00:00,53.0,60.0,34.0,53.0
8152,110329.0,FC St. Pauli,2013-09-20 00:00:00,53.0,62.0,46.0,53.0
8152,110329.0,FC St. Pauli,2014-09-19 00:00:00,53.0,68.0,53.0,34.0
8152,110329.0,FC St. Pauli,2015-09-10 00:00:00,52.0,62.0,53.0,38.0
8406,100409.0,FC Augsburg,2010-02-22 00:00:00,45.0,35.0,70.0,70.0
8406,100409.0,FC Augsburg,2011-02-22 00:00:00,68.0,52.0,64.0,72.0
8406,100409.0,FC Augsburg,2012-02-22 00:00:00,55.0,49.0,57.0,55.0
8406,100409.0,FC Augsburg,2013-09-20 00:00:00,40.0,49.0,72.0,53.0
8406,100409.0,FC Augsburg,2014-09-19 00:00:00,62.0,41.0,63.0,56.0
8406,100409.0,FC Augsburg,2015-09-10 00:00:00,59.0,49.0,62.0,55.0
8194,110636.0,Fortuna Düsseldorf,2010-02-22 00:00:00,65.0,70.0,50.0,52.0
8194,110636.0,Fortuna Düsseldorf,2011-02-22 00:00:00,51.0,52.0,40.0,54.0
8194,110636.0,Fortuna Düsseldorf,2012-02-22 00:00:00,67.0,67.0,68.0,55.0
8194,110636.0,Fortuna Düsseldorf,2013-09-20 00:00:00,41.0,55.0,68.0,52.0
8194,110636.0,Fortuna Düsseldorf,2014-09-19 00:00:00,72.0,55.0,49.0,37.0
8194,110636.0,Fortuna Düsseldorf,2015-09-10 00:00:00,47.0,55.0,68.0,55.0
8357,165.0,SpVgg Greuther Fürth,2010-02-22 00:00:00,55.0,30.0,70.0,70.0
8357,165.0,SpVgg Greuther Fürth,2011-02-22 00:00:00,59.0,56.0,54.0,48.0
8357,165.0,SpVgg Greuther Fürth,2012-02-22 00:00:00,68.0,54.0,44.0,43.0
8357,165.0,SpVgg Greuther Fürth,2013-09-20 00:00:00,57.0,54.0,49.0,46.0
8357,165.0,SpVgg Greuther Fürth,2014-09-19 00:00:00,66.0,56.0,40.0,52.0
8357,165.0,SpVgg Greuther Fürth,2015-09-10 00:00:00,54.0,54.0,49.0,46.0
9776,110500.0,Eintracht Braunschweig,2012-02-22 00:00:00,64.0,52.0,66.0,62.0
9776,110500.0,Eintracht Braunschweig,2013-09-20 00:00:00,68.0,62.0,66.0,67.0
9776,110500.0,Eintracht Braunschweig,2014-09-19 00:00:00,61.0,59.0,43.0,55.0
9776,110500.0,Eintracht Braunschweig,2015-09-10 00:00:00,66.0,62.0,59.0,51.0
8460,10030.0,SC Paderborn 07,2010-02-22 00:00:00,70.0,50.0,34.0,55.0
8460,10030.0,SC Paderborn 07,2011-02-22 00:00:00,52.0,49.0,37.0,55.0
8460,10030.0,SC Paderborn 07,2012-02-22 00:00:00,67.0,52.0,48.0,68.0
8460,10030.0,SC Paderborn 07,2013-09-20 00:00:00,67.0,52.0,48.0,68.0
8460,10030.0,SC Paderborn 07,2014-09-19 00:00:00,73.0,52.0,48.0,63.0
8460,10030.0,SC Paderborn 07,2015-09-10 00:00:00,67.0,56.0,48.0,56.0
8234,111239.0,FC Ingolstadt 04,2011-02-22 00:00:00,47.0,54.0,51.0,46.0
8234,111239.0,FC Ingolstadt 04,2012-02-22 00:00:00,55.0,47.0,53.0,51.0
8234,111239.0,FC Ingolstadt 04,2013-09-20 00:00:00,55.0,47.0,53.0,51.0
8234,111239.0,FC Ingolstadt 04,2014-09-19 00:00:00,54.0,53.0,33.0,52.0
8234,111239.0,FC Ingolstadt 04,2015-09-10 00:00:00,55.0,47.0,53.0,51.0
8262,110502.0,SV Darmstadt 98,2015-09-10 00:00:00,59.0,52.0,77.0,45.0
8524,39.0,Atalanta,2010-02-22 00:00:00,35.0,35.0,30.0,55.0
8524,39.0,Atalanta,2011-02-22 00:00:00,65.0,50.0,65.0,55.0
8524,39.0,Atalanta,2012-02-22 00:00:00,40.0,53.0,47.0,50.0
8524,39.0,Atalanta,2013-09-20 00:00:00,64.0,38.0,49.0,51.0
8524,39.0,Atalanta,2014-09-19 00:00:00,64.0,38.0,49.0,51.0
8524,39.0,Atalanta,2015-09-10 00:00:00,64.0,38.0,49.0,51.0
8551,1838.0,Siena,2010-02-22 00:00:00,35.0,30.0,30.0,55.0
8551,1838.0,Siena,2011-02-22 00:00:00,50.0,50.0,65.0,55.0
8551,1838.0,Siena,2012-02-22 00:00:00,45.0,50.0,50.0,50.0
8551,1838.0,Siena,2013-09-20 00:00:00,47.0,54.0,56.0,52.0
8551,1838.0,Siena,2014-09-19 00:00:00,47.0,64.0,67.0,52.0
8529,1842.0,Cagliari,2010-02-22 00:00:00,40.0,30.0,35.0,55.0
8529,1842.0,Cagliari,2011-02-22 00:00:00,65.0,50.0,65.0,50.0
8529,1842.0,Cagliari,2012-02-22 00:00:00,40.0,65.0,50.0,50.0
8529,1842.0,Cagliari,2013-09-20 00:00:00,63.0,66.0,51.0,51.0
8529,1842.0,Cagliari,2014-09-19 00:00:00,63.0,33.0,51.0,68.0
8529,1842.0,Cagliari,2015-09-10 00:00:00,67.0,69.0,58.0,69.0
8543,46.0,Lazio,2010-02-22 00:00:00,60.0,50.0,40.0,70.0
8543,46.0,Lazio,2011-02-22 00:00:00,60.0,50.0,35.0,51.0
8543,46.0,Lazio,2012-02-22 00:00:00,45.0,65.0,50.0,50.0
8543,46.0,Lazio,2013-09-20 00:00:00,51.0,68.0,52.0,69.0
8543,46.0,Lazio,2014-09-19 00:00:00,49.0,68.0,63.0,69.0
8543,46.0,Lazio,2015-09-10 00:00:00,68.0,68.0,80.0,72.0
8530,110364.0,Catania,2010-02-22 00:00:00,35.0,30.0,30.0,60.0
8530,110364.0,Catania,2011-02-22 00:00:00,65.0,50.0,65.0,63.0
8530,110364.0,Catania,2012-02-22 00:00:00,40.0,50.0,50.0,50.0
8530,110364.0,Catania,2013-09-20 00:00:00,67.0,67.0,52.0,52.0
8530,110364.0,Catania,2014-09-19 00:00:00,75.0,53.0,52.0,36.0
8530,110364.0,Catania,2015-09-10 00:00:00,70.0,53.0,52.0,36.0
10233,110556.0,Genoa,2010-02-22 00:00:00,70.0,70.0,40.0,65.0
10233,110556.0,Genoa,2011-02-22 00:00:00,65.0,50.0,50.0,50.0
10233,110556.0,Genoa,2012-02-22 00:00:00,50.0,50.0,50.0,50.0
10233,110556.0,Genoa,2013-09-20 00:00:00,64.0,66.0,67.0,49.0
10233,110556.0,Genoa,2014-09-19 00:00:00,64.0,66.0,53.0,49.0
10233,110556.0,Genoa,2015-09-10 00:00:00,64.0,66.0,45.0,23.0
8533,192.0,Chievo Verona,2010-02-22 00:00:00,45.0,35.0,45.0,65.0
8533,192.0,Chievo Verona,2011-02-22 00:00:00,45.0,49.0,45.0,35.0
8533,192.0,Chievo Verona,2012-02-22 00:00:00,60.0,50.0,50.0,65.0
8533,192.0,Chievo Verona,2013-09-20 00:00:00,66.0,52.0,51.0,66.0
8533,192.0,Chievo Verona,2014-09-19 00:00:00,66.0,52.0,66.0,52.0
8533,192.0,Chievo Verona,2015-09-10 00:00:00,66.0,52.0,66.0,52.0
8690,203.0,Reggio Calabria,2010-02-22 00:00:00,55.0,30.0,30.0,70.0
8690,203.0,Reggio Calabria,2011-02-22 00:00:00,55.0,30.0,30.0,49.0
8690,203.0,Reggio Calabria,2012-02-22 00:00:00,50.0,50.0,65.0,50.0
8690,203.0,Reggio Calabria,2013-09-20 00:00:00,52.0,57.0,74.0,55.0
8690,203.0,Reggio Calabria,2014-09-19 00:00:00,52.0,57.0,74.0,53.0
8535,110374.0,Fiorentina,2010-02-22 00:00:00,67.0,50.0,60.0,60.0
8535,110374.0,Fiorentina,2011-02-22 00:00:00,49.0,50.0,60.0,60.0
8535,110374.0,Fiorentina,2012-02-22 00:00:00,45.0,65.0,50.0,50.0
8535,110374.0,Fiorentina,2013-09-20 00:00:00,53.0,64.0,51.0,53.0
8535,110374.0,Fiorentina,2014-09-19 00:00:00,34.0,68.0,51.0,53.0
8535,110374.0,Fiorentina,2015-09-10 00:00:00,34.0,68.0,51.0,53.0
9885,45.0,Juventus,2010-02-22 00:00:00,45.0,45.0,55.0,70.0
9885,45.0,Juventus,2011-02-22 00:00:00,65.0,50.0,77.0,50.0
9885,45.0,Juventus,2012-02-22 00:00:00,50.0,65.0,65.0,50.0
9885,45.0,Juventus,2013-09-20 00:00:00,39.0,51.0,63.0,72.0
9885,45.0,Juventus,2014-09-19 00:00:00,26.0,64.0,53.0,72.0
9885,45.0,Juventus,2015-09-10 00:00:00,50.0,65.0,50.0,80.0
8564,47.0,Milan,2010-02-22 00:00:00,45.0,55.0,45.0,70.0
8564,47.0,Milan,2011-02-22 00:00:00,65.0,50.0,60.0,50.0
8564,47.0,Milan,2012-02-22 00:00:00,45.0,65.0,20.0,50.0
8564,47.0,Milan,2013-09-20 00:00:00,48.0,51.0,53.0,64.0
8564,47.0,Milan,2014-09-19 00:00:00,48.0,66.0,36.0,75.0
8564,47.0,Milan,2015-09-10 00:00:00,48.0,66.0,36.0,69.0
9857,189.0,Bologna,2010-02-22 00:00:00,65.0,30.0,70.0,65.0
9857,189.0,Bologna,2011-02-22 00:00:00,65.0,35.0,35.0,50.0
9857,189.0,Bologna,2012-02-22 00:00:00,40.0,35.0,35.0,50.0
9857,189.0,Bologna,2013-09-20 00:00:00,63.0,49.0,63.0,63.0
9857,189.0,Bologna,2014-09-19 00:00:00,63.0,32.0,48.0,52.0
9857,189.0,Bologna,2015-09-10 00:00:00,63.0,32.0,48.0,52.0
8686,52.0,Roma,2010-02-22 00:00:00,70.0,60.0,60.0,70.0
8686,52.0,Roma,2011-02-22 00:00:00,64.0,67.0,50.0,65.0
8686,52.0,Roma,2012-02-22 00:00:00,60.0,65.0,35.0,50.0
8686,52.0,Roma,2013-09-20 00:00:00,53.0,77.0,75.0,56.0
8686,52.0,Roma,2014-09-19 00:00:00,67.0,73.0,64.0,56.0
8686,52.0,Roma,2015-09-10 00:00:00,68.0,71.0,54.0,66.0
9875,48.0,Napoli,2010-02-22 00:00:00,70.0,30.0,35.0,70.0
9875,48.0,Napoli,2011-02-22 00:00:00,50.0,65.0,65.0,50.0
9875,48.0,Napoli,2012-02-22 00:00:00,60.0,65.0,65.0,50.0
9875,48.0,Napoli,2013-09-20 00:00:00,68.0,68.0,69.0,53.0
9875,48.0,Napoli,2014-09-19 00:00:00,72.0,76.0,66.0,73.0
9875,48.0,Napoli,2015-09-10 00:00:00,53.0,68.0,54.0,67.0
9882,1837.0,Sampdoria,2010-02-22 00:00:00,60.0,30.0,30.0,65.0
9882,1837.0,Sampdoria,2011-02-22 00:00:00,50.0,65.0,65.0,50.0
9882,1837.0,Sampdoria,2012-02-22 00:00:00,35.0,35.0,65.0,35.0
9882,1837.0,Sampdoria,2013-09-20 00:00:00,36.0,49.0,62.0,33.0
9882,1837.0,Sampdoria,2014-09-19 00:00:00,36.0,49.0,52.0,62.0
9882,1837.0,Sampdoria,2015-09-10 00:00:00,36.0,49.0,52.0,29.0
8636,44.0,Inter,2010-02-22 00:00:00,55.0,50.0,55.0,70.0
8636,44.0,Inter,2011-02-22 00:00:00,55.0,50.0,55.0,65.0
8636,44.0,Inter,2012-02-22 00:00:00,45.0,65.0,50.0,65.0
8636,44.0,Inter,2013-09-20 00:00:00,67.0,68.0,52.0,66.0
8636,44.0,Inter,2014-09-19 00:00:00,67.0,68.0,69.0,66.0
8636,44.0,Inter,2015-09-10 00:00:00,58.0,56.0,60.0,53.0
9804,54.0,Torino,2010-02-22 00:00:00,45.0,40.0,30.0,70.0
9804,54.0,Torino,2011-02-22 00:00:00,45.0,40.0,47.0,35.0
9804,54.0,Torino,2012-02-22 00:00:00,50.0,50.0,65.0,50.0
9804,54.0,Torino,2013-09-20 00:00:00,71.0,37.0,72.0,53.0
9804,54.0,Torino,2014-09-19 00:00:00,76.0,64.0,72.0,53.0
9804,54.0,Torino,2015-09-10 00:00:00,69.0,37.0,69.0,53.0
9888,347.0,Lecce,2010-02-22 00:00:00,40.0,45.0,60.0,70.0
9888,347.0,Lecce,2011-02-22 00:00:00,50.0,50.0,60.0,52.0
9888,347.0,Lecce,2012-02-22 00:00:00,45.0,50.0,50.0,35.0
8600,55.0,Udinese,2010-02-22 00:00:00,64.0,30.0,50.0,70.0
8600,55.0,Udinese,2011-02-22 00:00:00,70.0,66.0,50.0,50.0
8600,55.0,Udinese,2012-02-22 00:00:00,75.0,65.0,65.0,50.0
8600,55.0,Udinese,2013-09-20 00:00:00,78.0,69.0,78.0,52.0
8600,55.0,Udinese,2014-09-19 00:00:00,71.0,69.0,78.0,52.0
8600,55.0,Udinese,2015-09-10 00:00:00,68.0,69.0,68.0,52.0
8540,1843.0,Palermo,2010-02-22 00:00:00,63.0,30.0,30.0,70.0
8540,1843.0,Palermo,2011-02-22 00:00:00,65.0,50.0,65.0,50.0
8540,1843.0,Palermo,2012-02-22 00:00:00,60.0,50.0,35.0,65.0
8540,1843.0,Palermo,2013-09-20 00:00:00,66.0,56.0,34.0,63.0
8540,1843.0,Palermo,2014-09-19 00:00:00,66.0,56.0,34.0,63.0
8540,1843.0,Palermo,2015-09-10 00:00:00,66.0,60.0,34.0,64.0
9976,1848.0,Bari,2010-02-22 00:00:00,30.0,30.0,40.0,65.0
9976,1848.0,Bari,2011-02-22 00:00:00,65.0,65.0,63.0,65.0
9976,1848.0,Bari,2012-02-22 00:00:00,50.0,50.0,35.0,50.0
9976,1848.0,Bari,2013-09-20 00:00:00,55.0,54.0,44.0,60.0
9976,1848.0,Bari,2014-09-19 00:00:00,55.0,54.0,44.0,56.0
9976,1848.0,Bari,2015-09-10 00:00:00,52.0,40.0,55.0,48.0
8537,1844.0,Livorno,2010-02-22 00:00:00,30.0,30.0,30.0,55.0
8537,1844.0,Livorno,2011-02-22 00:00:00,65.0,30.0,65.0,65.0
8537,1844.0,Livorno,2012-02-22 00:00:00,50.0,35.0,50.0,50.0
8537,1844.0,Livorno,2013-09-20 00:00:00,58.0,52.0,57.0,63.0
8537,1844.0,Livorno,2014-09-19 00:00:00,58.0,38.0,23.0,77.0
8537,1844.0,Livorno,2015-09-10 00:00:00,58.0,38.0,27.0,69.0
10167,50.0,Parma,2010-02-22 00:00:00,30.0,40.0,60.0,70.0
10167,50.0,Parma,2011-02-22 00:00:00,50.0,48.0,55.0,65.0
10167,50.0,Parma,2012-02-22 00:00:00,45.0,50.0,65.0,50.0
10167,50.0,Parma,2013-09-20 00:00:00,48.0,46.0,62.0,45.0
10167,50.0,Parma,2014-09-19 00:00:00,48.0,69.0,62.0,45.0
10167,50.0,Parma,2015-09-10 00:00:00,48.0,69.0,62.0,45.0
9880,110915.0,Cesena,2010-02-22 00:00:00,30.0,35.0,45.0,65.0
9880,110915.0,Cesena,2011-02-22 00:00:00,50.0,35.0,35.0,50.0
9880,110915.0,Cesena,2012-02-22 00:00:00,60.0,50.0,35.0,65.0
9880,110915.0,Cesena,2013-09-20 00:00:00,73.0,53.0,44.0,73.0
9880,110915.0,Cesena,2014-09-19 00:00:00,73.0,53.0,44.0,73.0
9880,110915.0,Cesena,2015-09-10 00:00:00,66.0,53.0,44.0,66.0
9858,190.0,Brescia,2010-02-22 00:00:00,30.0,35.0,50.0,70.0
9858,190.0,Brescia,2011-02-22 00:00:00,30.0,50.0,65.0,65.0
9858,190.0,Brescia,2012-02-22 00:00:00,35.0,35.0,20.0,65.0
9858,190.0,Brescia,2013-09-20 00:00:00,42.0,45.0,25.0,75.0
9858,190.0,Brescia,2014-09-19 00:00:00,42.0,54.0,25.0,75.0
9858,190.0,Brescia,2015-09-10 00:00:00,42.0,41.0,48.0,69.0
6269,112225.0,Novara,2011-02-22 00:00:00,53.0,50.0,64.0,49.0
6269,112225.0,Novara,2012-02-22 00:00:00,55.0,50.0,50.0,50.0
6269,112225.0,Novara,2013-09-20 00:00:00,66.0,56.0,55.0,61.0
6269,112225.0,Novara,2014-09-19 00:00:00,66.0,56.0,55.0,57.0
9878,200.0,Pescara,2011-02-22 00:00:00,50.0,35.0,50.0,35.0
9878,200.0,Pescara,2012-02-22 00:00:00,65.0,65.0,50.0,65.0
9878,200.0,Pescara,2013-09-20 00:00:00,55.0,58.0,47.0,36.0
9878,200.0,Pescara,2014-09-19 00:00:00,64.0,51.0,64.0,54.0
9878,200.0,Pescara,2015-09-10 00:00:00,64.0,41.0,49.0,41.0
9876,206.0,Hellas Verona,2012-02-22 00:00:00,50.0,50.0,50.0,50.0
9876,206.0,Hellas Verona,2013-09-20 00:00:00,58.0,55.0,57.0,61.0
9876,206.0,Hellas Verona,2014-09-19 00:00:00,63.0,39.0,54.0,55.0
9876,206.0,Hellas Verona,2015-09-10 00:00:00,57.0,39.0,54.0,55.0
7943,111974.0,Sassuolo,2010-02-22 00:00:00,30.0,30.0,30.0,60.0
7943,111974.0,Sassuolo,2011-02-22 00:00:00,50.0,50.0,61.0,60.0
7943,111974.0,Sassuolo,2012-02-22 00:00:00,50.0,50.0,50.0,50.0
7943,111974.0,Sassuolo,2013-09-20 00:00:00,57.0,56.0,63.0,64.0
7943,111974.0,Sassuolo,2014-09-19 00:00:00,57.0,66.0,57.0,63.0
7943,111974.0,Sassuolo,2015-09-10 00:00:00,57.0,56.0,57.0,56.0
8534,1746.0,Empoli,2010-02-22 00:00:00,30.0,30.0,30.0,55.0
8534,1746.0,Empoli,2011-02-22 00:00:00,50.0,50.0,50.0,55.0
8534,1746.0,Empoli,2012-02-22 00:00:00,50.0,50.0,50.0,50.0
8534,1746.0,Empoli,2013-09-20 00:00:00,51.0,53.0,54.0,62.0
8534,1746.0,Empoli,2014-09-19 00:00:00,63.0,66.0,67.0,51.0
8534,1746.0,Empoli,2015-09-10 00:00:00,66.0,59.0,64.0,63.0
9891,111657.0,Frosinone,2010-02-22 00:00:00,30.0,30.0,45.0,65.0
9891,111657.0,Frosinone,2011-02-22 00:00:00,70.0,46.0,45.0,65.0
9891,111657.0,Frosinone,2015-09-10 00:00:00,63.0,51.0,50.0,50.0
208931,112409.0,Carpi,2014-09-19 00:00:00,32.0,47.0,36.0,54.0
208931,112409.0,Carpi,2015-09-10 00:00:00,80.0,70.0,40.0,50.0
8277,1909.0,Vitesse,2010-02-22 00:00:00,35.0,40.0,50.0,60.0
8277,1909.0,Vitesse,2011-02-22 00:00:00,33.0,68.0,51.0,54.0
8277,1909.0,Vitesse,2012-02-22 00:00:00,37.0,57.0,42.0,56.0
8277,1909.0,Vitesse,2013-09-20 00:00:00,37.0,52.0,42.0,62.0
8277,1909.0,Vitesse,2014-09-19 00:00:00,53.0,53.0,54.0,56.0
8277,1909.0,Vitesse,2015-09-10 00:00:00,57.0,53.0,37.0,71.0
8674,1915.0,FC Groningen,2010-02-22 00:00:00,41.0,40.0,47.0,69.0
8674,1915.0,FC Groningen,2011-02-22 00:00:00,51.0,48.0,67.0,62.0
8674,1915.0,FC Groningen,2012-02-22 00:00:00,44.0,48.0,64.0,42.0
8674,1915.0,FC Groningen,2013-09-20 00:00:00,44.0,56.0,58.0,42.0
8674,1915.0,FC Groningen,2014-09-19 00:00:00,48.0,57.0,59.0,45.0
8674,1915.0,FC Groningen,2015-09-10 00:00:00,55.0,57.0,59.0,54.0
9803,1902.0,Roda JC Kerkrade,2010-02-22 00:00:00,30.0,35.0,50.0,70.0
9803,1902.0,Roda JC Kerkrade,2011-02-22 00:00:00,65.0,33.0,38.0,53.0
9803,1902.0,Roda JC Kerkrade,2012-02-22 00:00:00,55.0,62.0,43.0,54.0
9803,1902.0,Roda JC Kerkrade,2013-09-20 00:00:00,42.0,49.0,40.0,38.0
9803,1902.0,Roda JC Kerkrade,2014-09-19 00:00:00,43.0,59.0,45.0,42.0
8611,1908.0,FC Twente,2010-02-22 00:00:00,30.0,40.0,40.0,65.0
8611,1908.0,FC Twente,2011-02-22 00:00:00,55.0,63.0,62.0,47.0
8611,1908.0,FC Twente,2012-02-22 00:00:00,25.0,44.0,68.0,37.0
8611,1908.0,FC Twente,2013-09-20 00:00:00,35.0,44.0,50.0,41.0
8611,1908.0,FC Twente,2014-09-19 00:00:00,38.0,63.0,65.0,37.0
8611,1908.0,FC Twente,2015-09-10 00:00:00,48.0,43.0,58.0,39.0
8525,1907.0,Willem II,2010-02-22 00:00:00,35.0,30.0,40.0,65.0
8525,1907.0,Willem II,2011-02-22 00:00:00,72.0,70.0,47.0,49.0
8525,1907.0,Willem II,2013-09-20 00:00:00,48.0,48.0,53.0,46.0
8525,1907.0,Willem II,2015-09-10 00:00:00,51.0,48.0,53.0,52.0
8593,245.0,Ajax,2010-02-22 00:00:00,30.0,50.0,60.0,70.0
8593,245.0,Ajax,2011-02-22 00:00:00,40.0,67.0,65.0,67.0
8593,245.0,Ajax,2012-02-22 00:00:00,31.0,39.0,64.0,46.0
8593,245.0,Ajax,2013-09-20 00:00:00,35.0,39.0,52.0,46.0
8593,245.0,Ajax,2014-09-19 00:00:00,40.0,51.0,55.0,39.0
8593,245.0,Ajax,2015-09-10 00:00:00,35.0,58.0,55.0,30.0
8464,1910.0,N.E.C.,2010-02-22 00:00:00,32.0,35.0,40.0,60.0
8464,1910.0,N.E.C.,2011-02-22 00:00:00,47.0,48.0,78.0,32.0
8464,1910.0,N.E.C.,2012-02-22 00:00:00,46.0,39.0,55.0,50.0
8464,1910.0,N.E.C.,2013-09-20 00:00:00,46.0,52.0,37.0,57.0
8464,1910.0,N.E.C.,2014-09-19 00:00:00,49.0,52.0,49.0,55.0
8526,635.0,De Graafschap,2011-02-22 00:00:00,30.0,43.0,45.0,65.0
8526,635.0,De Graafschap,2012-02-22 00:00:00,37.0,47.0,40.0,63.0
9908,1903.0,FC Utrecht,2010-02-22 00:00:00,45.0,33.0,50.0,67.0
9908,1903.0,FC Utrecht,2011-02-22 00:00:00,66.0,41.0,69.0,72.0
9908,1903.0,FC Utrecht,2012-02-22 00:00:00,47.0,52.0,54.0,52.0
9908,1903.0,FC Utrecht,2013-09-20 00:00:00,47.0,52.0,54.0,60.0
9908,1903.0,FC Utrecht,2014-09-19 00:00:00,50.0,55.0,49.0,52.0
9908,1903.0,FC Utrecht,2015-09-10 00:00:00,50.0,55.0,64.0,28.0
8640,247.0,PSV,2010-02-22 00:00:00,30.0,33.0,52.0,70.0
8640,247.0,PSV,2011-02-22 00:00:00,63.0,67.0,65.0,68.0
8640,247.0,PSV,2012-02-22 00:00:00,33.0,40.0,55.0,48.0
8640,247.0,PSV,2013-09-20 00:00:00,54.0,55.0,58.0,55.0
8640,247.0,PSV,2014-09-19 00:00:00,67.0,53.0,53.0,55.0
8640,247.0,PSV,2015-09-10 00:00:00,67.0,53.0,44.0,28.0
9791,100634.0,Heracles Almelo,2010-02-22 00:00:00,30.0,31.0,43.0,59.0
9791,100634.0,Heracles Almelo,2011-02-22 00:00:00,69.0,40.0,70.0,45.0
9791,100634.0,Heracles Almelo,2012-02-22 00:00:00,43.0,55.0,58.0,60.0
9791,100634.0,Heracles Almelo,2013-09-20 00:00:00,39.0,40.0,42.0,66.0
9791,100634.0,Heracles Almelo,2014-09-19 00:00:00,46.0,48.0,58.0,59.0
9791,100634.0,Heracles Almelo,2015-09-10 00:00:00,50.0,48.0,58.0,59.0
10235,246.0,Feyenoord,2010-02-22 00:00:00,30.0,44.0,41.0,46.0
10235,246.0,Feyenoord,2011-02-22 00:00:00,47.0,43.0,33.0,32.0
10235,246.0,Feyenoord,2012-02-22 00:00:00,38.0,60.0,44.0,50.0
10235,246.0,Feyenoord,2013-09-20 00:00:00,44.0,48.0,62.0,50.0
10235,246.0,Feyenoord,2014-09-19 00:00:00,54.0,48.0,67.0,50.0
10235,246.0,Feyenoord,2015-09-10 00:00:00,50.0,48.0,67.0,31.0
8614,100646.0,Sparta Rotterdam,2010-02-22 00:00:00,35.0,30.0,45.0,65.0
10217,650.0,ADO Den Haag,2010-02-22 00:00:00,30.0,30.0,50.0,65.0
10217,650.0,ADO Den Haag,2011-02-22 00:00:00,53.0,48.0,67.0,66.0
10217,650.0,ADO Den Haag,2012-02-22 00:00:00,38.0,55.0,60.0,44.0
10217,650.0,ADO Den Haag,2013-09-20 00:00:00,38.0,55.0,55.0,44.0
10217,650.0,ADO Den Haag,2014-09-19 00:00:00,58.0,55.0,52.0,44.0
10217,650.0,ADO Den Haag,2015-09-10 00:00:00,56.0,55.0,52.0,38.0
6601,,FC Volendam,,,,,
10228,1913.0,SC Heerenveen,2010-02-22 00:00:00,35.0,45.0,45.0,60.0
10228,1913.0,SC Heerenveen,2011-02-22 00:00:00,49.0,52.0,67.0,52.0
10228,1913.0,SC Heerenveen,2012-02-22 00:00:00,67.0,48.0,75.0,39.0
10228,1913.0,SC Heerenveen,2013-09-20 00:00:00,47.0,48.0,52.0,42.0
10228,1913.0,SC Heerenveen,2014-09-19 00:00:00,53.0,65.0,43.0,46.0
10228,1913.0,SC Heerenveen,2015-09-10 00:00:00,54.0,65.0,43.0,44.0
10229,1906.0,AZ,2010-02-22 00:00:00,55.0,40.0,30.0,60.0
10229,1906.0,AZ,2011-02-22 00:00:00,45.0,45.0,74.0,66.0
10229,1906.0,AZ,2012-02-22 00:00:00,46.0,47.0,48.0,52.0
10229,1906.0,AZ,2013-09-20 00:00:00,62.0,67.0,48.0,52.0
10229,1906.0,AZ,2014-09-19 00:00:00,52.0,60.0,56.0,52.0
10229,1906.0,AZ,2015-09-10 00:00:00,50.0,67.0,56.0,50.0
9761,1904.0,NAC Breda,2010-02-22 00:00:00,30.0,35.0,40.0,60.0
9761,1904.0,NAC Breda,2011-02-22 00:00:00,33.0,35.0,40.0,60.0
9761,1904.0,NAC Breda,2012-02-22 00:00:00,40.0,48.0,47.0,42.0
9761,1904.0,NAC Breda,2013-09-20 00:00:00,58.0,48.0,47.0,46.0
9761,1904.0,NAC Breda,2014-09-19 00:00:00,46.0,32.0,42.0,42.0
9761,1904.0,NAC Breda,2015-09-10 00:00:00,45.0,32.0,42.0,54.0
10219,1905.0,RKC Waalwijk,2010-02-22 00:00:00,30.0,35.0,60.0,55.0
10219,1905.0,RKC Waalwijk,2012-02-22 00:00:00,47.0,42.0,38.0,55.0
10219,1905.0,RKC Waalwijk,2013-09-20 00:00:00,47.0,66.0,38.0,55.0
10219,1905.0,RKC Waalwijk,2014-09-19 00:00:00,57.0,42.0,36.0,55.0
9839,100651.0,VVV-Venlo,2010-02-22 00:00:00,50.0,50.0,50.0,50.0
9839,100651.0,VVV-Venlo,2011-02-22 00:00:00,50.0,50.0,62.0,50.0
9839,100651.0,VVV-Venlo,2012-02-22 00:00:00,41.0,48.0,60.0,47.0
9839,100651.0,VVV-Venlo,2013-09-20 00:00:00,41.0,60.0,52.0,52.0
10218,1971.0,Excelsior,2011-02-22 00:00:00,73.0,77.0,33.0,52.0
10218,1971.0,Excelsior,2012-02-22 00:00:00,47.0,63.0,45.0,37.0
10218,1971.0,Excelsior,2015-09-10 00:00:00,53.0,48.0,45.0,43.0
6413,1914.0,PEC Zwolle,2013-09-20 00:00:00,47.0,50.0,50.0,54.0
6413,1914.0,PEC Zwolle,2014-09-19 00:00:00,57.0,57.0,50.0,54.0
6413,1914.0,PEC Zwolle,2015-09-10 00:00:00,45.0,57.0,50.0,58.0
7788,647.0,SC Cambuur,2014-09-19 00:00:00,45.0,46.0,56.0,57.0
7788,647.0,SC Cambuur,2015-09-10 00:00:00,43.0,46.0,50.0,38.0
6433,100632.0,Go Ahead Eagles,2014-09-19 00:00:00,55.0,37.0,42.0,53.0
6433,100632.0,Go Ahead Eagles,2015-09-10 00:00:00,58.0,37.0,42.0,52.0
6631,100626.0,FC Dordrecht,2015-09-10 00:00:00,39.0,62.0,66.0,48.0
10265,1873.0,Wisła Kraków,2010-02-22 00:00:00,40.0,55.0,35.0,70.0
10265,1873.0,Wisła Kraków,2011-02-22 00:00:00,67.0,53.0,63.0,67.0
10265,1873.0,Wisła Kraków,2012-02-22 00:00:00,25.0,32.0,72.0,50.0
10265,1873.0,Wisła Kraków,2013-09-20 00:00:00,30.0,32.0,72.0,50.0
10265,1873.0,Wisła Kraków,2014-09-19 00:00:00,47.0,36.0,53.0,66.0
10265,1873.0,Wisła Kraków,2015-09-10 00:00:00,33.0,33.0,37.0,31.0
8031,111429.0,Polonia Bytom,2010-02-22 00:00:00,30.0,45.0,35.0,70.0
8031,111429.0,Polonia Bytom,2011-02-22 00:00:00,46.0,36.0,33.0,53.0
8020,111429.0,Polonia Bytom,2010-02-22 00:00:00,30.0,45.0,35.0,70.0
8020,111429.0,Polonia Bytom,2011-02-22 00:00:00,46.0,36.0,33.0,53.0
1601,874.0,Ruch Chorzów,2010-02-22 00:00:00,30.0,50.0,35.0,70.0
1601,874.0,Ruch Chorzów,2011-02-22 00:00:00,48.0,68.0,67.0,51.0
1601,874.0,Ruch Chorzów,2012-02-22 00:00:00,53.0,44.0,65.0,50.0
1601,874.0,Ruch Chorzów,2013-09-20 00:00:00,53.0,44.0,65.0,50.0
1601,874.0,Ruch Chorzów,2014-09-19 00:00:00,53.0,66.0,65.0,50.0
1601,874.0,Ruch Chorzów,2015-09-10 00:00:00,47.0,61.0,65.0,50.0
8673,1871.0,Legia Warszawa,2010-02-22 00:00:00,30.0,55.0,45.0,70.0
8673,1871.0,Legia Warszawa,2011-02-22 00:00:00,67.0,55.0,36.0,53.0
8673,1871.0,Legia Warszawa,2012-02-22 00:00:00,69.0,52.0,40.0,53.0
8673,1871.0,Legia Warszawa,2013-09-20 00:00:00,69.0,52.0,40.0,53.0
8673,1871.0,Legia Warszawa,2014-09-19 00:00:00,54.0,52.0,51.0,64.0
8673,1871.0,Legia Warszawa,2015-09-10 00:00:00,54.0,52.0,51.0,64.0
2183,1570.0,P. Warszawa,2010-02-22 00:00:00,30.0,45.0,40.0,70.0
2183,1570.0,P. Warszawa,2011-02-22 00:00:00,33.0,69.0,40.0,53.0
2183,1570.0,P. Warszawa,2012-02-22 00:00:00,34.0,39.0,67.0,74.0
2183,1570.0,P. Warszawa,2013-09-20 00:00:00,34.0,39.0,52.0,40.0
8025,111092.0,Śląsk Wrocław,2010-02-22 00:00:00,30.0,45.0,35.0,70.0
8025,111092.0,Śląsk Wrocław,2011-02-22 00:00:00,47.0,45.0,48.0,54.0
8025,111092.0,Śląsk Wrocław,2012-02-22 00:00:00,65.0,67.0,31.0,67.0
8025,111092.0,Śląsk Wrocław,2013-09-20 00:00:00,65.0,67.0,31.0,67.0
8025,111092.0,Śląsk Wrocław,2014-09-19 00:00:00,47.0,38.0,36.0,68.0
8025,111092.0,Śląsk Wrocław,2015-09-10 00:00:00,50.0,51.0,51.0,55.0
8030,111091.0,Lechia Gdańsk,2010-02-22 00:00:00,30.0,45.0,35.0,70.0
8030,111091.0,Lechia Gdańsk,2011-02-22 00:00:00,63.0,68.0,30.0,52.0
8030,111091.0,Lechia Gdańsk,2012-02-22 00:00:00,44.0,50.0,53.0,68.0
8030,111091.0,Lechia Gdańsk,2013-09-20 00:00:00,44.0,50.0,53.0,68.0
8030,111091.0,Lechia Gdańsk,2014-09-19 00:00:00,62.0,50.0,63.0,52.0
8030,111091.0,Lechia Gdańsk,2015-09-10 00:00:00,62.0,66.0,59.0,58.0
8244,301.0,Widzew Łódź,2011-02-22 00:00:00,63.0,48.0,68.0,53.0
8244,301.0,Widzew Łódź,2012-02-22 00:00:00,66.0,70.0,61.0,54.0
8244,301.0,Widzew Łódź,2013-09-20 00:00:00,66.0,43.0,61.0,54.0
8244,301.0,Widzew Łódź,2014-09-19 00:00:00,66.0,66.0,67.0,51.0
8242,1564.0,Odra Wodzisław,2010-02-22 00:00:00,30.0,45.0,40.0,70.0
2182,873.0,Lech Poznań,2010-02-22 00:00:00,40.0,45.0,40.0,70.0
2182,873.0,Lech Poznań,2011-02-22 00:00:00,64.0,68.0,48.0,70.0
2182,873.0,Lech Poznań,2012-02-22 00:00:00,67.0,56.0,62.0,67.0
2182,873.0,Lech Poznań,2013-09-20 00:00:00,67.0,56.0,62.0,67.0
2182,873.0,Lech Poznań,2014-09-19 00:00:00,67.0,56.0,62.0,67.0
2182,873.0,Lech Poznań,2015-09-10 00:00:00,57.0,59.0,70.0,67.0
8569,110744.0,GKS Bełchatów,2010-02-22 00:00:00,30.0,45.0,40.0,70.0
8569,110744.0,GKS Bełchatów,2011-02-22 00:00:00,47.0,45.0,51.0,54.0
8569,110744.0,GKS Bełchatów,2012-02-22 00:00:00,52.0,52.0,73.0,50.0
8569,110744.0,GKS Bełchatów,2013-09-20 00:00:00,52.0,52.0,37.0,50.0
8569,110744.0,GKS Bełchatów,2015-09-10 00:00:00,52.0,52.0,37.0,50.0
8322,111082.0,Arka Gdynia,2010-02-22 00:00:00,30.0,45.0,35.0,70.0
8322,111082.0,Arka Gdynia,2011-02-22 00:00:00,46.0,33.0,62.0,52.0
1957,110745.0,Jagiellonia Białystok,2010-02-22 00:00:00,30.0,45.0,35.0,70.0
1957,110745.0,Jagiellonia Białystok,2011-02-22 00:00:00,33.0,48.0,39.0,64.0
1957,110745.0,Jagiellonia Białystok,2012-02-22 00:00:00,58.0,53.0,42.0,68.0
1957,110745.0,Jagiellonia Białystok,2013-09-20 00:00:00,58.0,53.0,42.0,68.0
1957,110745.0,Jagiellonia Białystok,2014-09-19 00:00:00,38.0,53.0,27.0,66.0
1957,110745.0,Jagiellonia Białystok,2015-09-10 00:00:00,66.0,53.0,33.0,66.0
8028,111086.0,Piast Gliwice,2010-02-22 00:00:00,30.0,45.0,35.0,70.0
8028,111086.0,Piast Gliwice,2013-09-20 00:00:00,30.0,48.0,37.0,39.0
8028,111086.0,Piast Gliwice,2014-09-19 00:00:00,64.0,64.0,66.0,39.0
8028,111086.0,Piast Gliwice,2015-09-10 00:00:00,64.0,64.0,66.0,39.0
2186,110747.0,Cracovia,2010-02-22 00:00:00,30.0,40.0,35.0,65.0
2186,110747.0,Cracovia,2011-02-22 00:00:00,46.0,48.0,48.0,52.0
2186,110747.0,Cracovia,2012-02-22 00:00:00,57.0,57.0,33.0,78.0
2186,110747.0,Cracovia,2014-09-19 00:00:00,37.0,66.0,66.0,33.0
2186,110747.0,Cracovia,2015-09-10 00:00:00,37.0,66.0,66.0,33.0
8245,111083.0,Korona Kielce,2010-02-22 00:00:00,30.0,45.0,35.0,70.0
8245,111083.0,Korona Kielce,2011-02-22 00:00:00,67.0,49.0,49.0,69.0
8245,111083.0,Korona Kielce,2012-02-22 00:00:00,75.0,48.0,53.0,68.0
8245,111083.0,Korona Kielce,2013-09-20 00:00:00,70.0,48.0,53.0,68.0
8245,111083.0,Korona Kielce,2014-09-19 00:00:00,73.0,64.0,53.0,36.0
8245,111083.0,Korona Kielce,2015-09-10 00:00:00,59.0,64.0,53.0,36.0
8021,110749.0,Zagłębie Lubin,2010-02-22 00:00:00,55.0,30.0,40.0,70.0
8021,110749.0,Zagłębie Lubin,2011-02-22 00:00:00,54.0,48.0,38.0,37.0
8021,110749.0,Zagłębie Lubin,2012-02-22 00:00:00,33.0,67.0,52.0,73.0
8021,110749.0,Zagłębie Lubin,2013-09-20 00:00:00,33.0,67.0,52.0,48.0
8021,110749.0,Zagłębie Lubin,2014-09-19 00:00:00,33.0,38.0,63.0,48.0
8024,301.0,Widzew Łódź,2011-02-22 00:00:00,63.0,48.0,68.0,53.0
8024,301.0,Widzew Łódź,2012-02-22 00:00:00,66.0,70.0,61.0,54.0
8024,301.0,Widzew Łódź,2013-09-20 00:00:00,66.0,43.0,61.0,54.0
8024,301.0,Widzew Łódź,2014-09-19 00:00:00,66.0,66.0,67.0,51.0
8033,111087.0,Podbeskidzie Bielsko-Biała,2012-02-22 00:00:00,54.0,48.0,47.0,42.0
8033,111087.0,Podbeskidzie Bielsko-Biała,2013-09-20 00:00:00,54.0,48.0,47.0,42.0
8033,111087.0,Podbeskidzie Bielsko-Biała,2014-09-19 00:00:00,72.0,66.0,51.0,49.0
8033,111087.0,Podbeskidzie Bielsko-Biała,2015-09-10 00:00:00,68.0,66.0,51.0,49.0
8023,110746.0,Pogoń Szczecin,2013-09-20 00:00:00,67.0,56.0,62.0,67.0
8023,110746.0,Pogoń Szczecin,2014-09-19 00:00:00,50.0,52.0,36.0,52.0
8023,110746.0,Pogoń Szczecin,2015-09-10 00:00:00,50.0,52.0,40.0,52.0
8027,112512.0,Zawisza Bydgoszcz,2014-09-19 00:00:00,54.0,67.0,49.0,52.0
8027,112512.0,Zawisza Bydgoszcz,2015-09-10 00:00:00,54.0,46.0,49.0,52.0
8019,110565.0,Górnik Łęczna,2015-09-10 00:00:00,41.0,41.0,44.0,54.0
177361,,Termalica Bruk-Bet Nieciecza,,,,,
9773,236.0,FC Porto,2010-02-22 00:00:00,30.0,60.0,60.0,60.0
9773,236.0,FC Porto,2011-02-22 00:00:00,50.0,50.0,65.0,65.0
9773,236.0,FC Porto,2012-02-22 00:00:00,52.0,56.0,72.0,68.0
9773,236.0,FC Porto,2013-09-20 00:00:00,52.0,56.0,72.0,68.0
9773,236.0,FC Porto,2014-09-19 00:00:00,52.0,56.0,66.0,68.0
9773,236.0,FC Porto,2015-09-10 00:00:00,70.0,56.0,66.0,68.0
9807,1889.0,CF Os Belenenses,2010-02-22 00:00:00,30.0,55.0,45.0,60.0
9807,1889.0,CF Os Belenenses,2014-09-19 00:00:00,52.0,40.0,37.0,48.0
9807,1889.0,CF Os Belenenses,2015-09-10 00:00:00,51.0,43.0,37.0,48.0
9768,237.0,Sporting CP,2010-02-22 00:00:00,30.0,55.0,60.0,55.0
9768,237.0,Sporting CP,2011-02-22 00:00:00,50.0,65.0,65.0,35.0
9768,237.0,Sporting CP,2012-02-22 00:00:00,53.0,67.0,68.0,69.0
9768,237.0,Sporting CP,2013-09-20 00:00:00,53.0,67.0,68.0,60.0
9768,237.0,Sporting CP,2014-09-19 00:00:00,55.0,42.0,50.0,55.0
9768,237.0,Sporting CP,2015-09-10 00:00:00,57.0,42.0,50.0,55.0
7992,,Trofense,,,,,
7844,1887.0,Vitória Guimarães,2010-02-22 00:00:00,30.0,55.0,55.0,55.0
7844,1887.0,Vitória Guimarães,2011-02-22 00:00:00,65.0,65.0,50.0,49.0
7844,1887.0,Vitória Guimarães,2012-02-22 00:00:00,40.0,53.0,68.0,58.0
7844,1887.0,Vitória Guimarães,2013-09-20 00:00:00,40.0,53.0,68.0,58.0
7844,1887.0,Vitória Guimarães,2014-09-19 00:00:00,40.0,53.0,62.0,58.0
7844,1887.0,Vitória Guimarães,2015-09-10 00:00:00,40.0,53.0,62.0,58.0
10238,665.0,Vitória Setúbal,2010-02-22 00:00:00,30.0,60.0,50.0,55.0
10238,665.0,Vitória Setúbal,2011-02-22 00:00:00,50.0,50.0,65.0,50.0
10238,665.0,Vitória Setúbal,2012-02-22 00:00:00,56.0,54.0,52.0,52.0
10238,665.0,Vitória Setúbal,2013-09-20 00:00:00,56.0,54.0,52.0,52.0
10238,665.0,Vitória Setúbal,2014-09-19 00:00:00,56.0,54.0,52.0,52.0
10238,665.0,Vitória Setúbal,2015-09-10 00:00:00,58.0,54.0,52.0,52.0
6403,1892.0,FC Paços de Ferreira,2010-02-22 00:00:00,30.0,50.0,60.0,60.0
6403,1892.0,FC Paços de Ferreira,2011-02-22 00:00:00,50.0,50.0,49.0,49.0
6403,1892.0,FC Paços de Ferreira,2012-02-22 00:00:00,38.0,52.0,53.0,52.0
6403,1892.0,FC Paços de Ferreira,2013-09-20 00:00:00,50.0,52.0,53.0,52.0
6403,1892.0,FC Paços de Ferreira,2014-09-19 00:00:00,38.0,52.0,53.0,52.0
6403,1892.0,FC Paços de Ferreira,2015-09-10 00:00:00,63.0,64.0,53.0,52.0
10264,1896.0,SC Braga,2010-02-22 00:00:00,30.0,55.0,50.0,60.0
10264,1896.0,SC Braga,2011-02-22 00:00:00,30.0,55.0,50.0,60.0
10264,1896.0,SC Braga,2012-02-22 00:00:00,53.0,53.0,53.0,52.0
10264,1896.0,SC Braga,2013-09-20 00:00:00,66.0,53.0,53.0,52.0
10264,1896.0,SC Braga,2014-09-19 00:00:00,53.0,53.0,65.0,39.0
10264,1896.0,SC Braga,2015-09-10 00:00:00,55.0,62.0,65.0,39.0
10213,,Amadora,,,,,
10215,1901.0,Académica de Coimbra,2010-02-22 00:00:00,30.0,50.0,60.0,55.0
10215,1901.0,Académica de Coimbra,2011-02-22 00:00:00,30.0,50.0,50.0,55.0
10215,1901.0,Académica de Coimbra,2012-02-22 00:00:00,45.0,55.0,57.0,60.0
10215,1901.0,Académica de Coimbra,2013-09-20 00:00:00,45.0,55.0,57.0,60.0
10215,1901.0,Académica de Coimbra,2014-09-19 00:00:00,52.0,55.0,51.0,60.0
10215,1901.0,Académica de Coimbra,2015-09-10 00:00:00,53.0,55.0,51.0,60.0
7841,744.0,Rio Ave FC,2010-02-22 00:00:00,30.0,45.0,55.0,60.0
7841,744.0,Rio Ave FC,2011-02-22 00:00:00,50.0,65.0,65.0,50.0
7841,744.0,Rio Ave FC,2012-02-22 00:00:00,36.0,60.0,54.0,54.0
7841,744.0,Rio Ave FC,2013-09-20 00:00:00,36.0,60.0,54.0,54.0
7841,744.0,Rio Ave FC,2014-09-19 00:00:00,66.0,58.0,65.0,54.0
7841,744.0,Rio Ave FC,2015-09-10 00:00:00,66.0,58.0,65.0,54.0
9772,234.0,SL Benfica,2010-02-22 00:00:00,30.0,50.0,55.0,65.0
9772,234.0,SL Benfica,2011-02-22 00:00:00,65.0,65.0,55.0,51.0
9772,234.0,SL Benfica,2012-02-22 00:00:00,55.0,69.0,56.0,54.0
9772,234.0,SL Benfica,2013-09-20 00:00:00,65.0,69.0,56.0,54.0
9772,234.0,SL Benfica,2014-09-19 00:00:00,70.0,65.0,66.0,54.0
9772,234.0,SL Benfica,2015-09-10 00:00:00,69.0,65.0,66.0,54.0
6421,10018.0,Leixões SC,2010-02-22 00:00:00,30.0,50.0,50.0,65.0
10214,1891.0,CD Nacional,2010-02-22 00:00:00,45.0,60.0,55.0,50.0
10214,1891.0,CD Nacional,2011-02-22 00:00:00,47.0,60.0,55.0,50.0
10214,1891.0,CD Nacional,2012-02-22 00:00:00,41.0,53.0,59.0,53.0
10214,1891.0,CD Nacional,2013-09-20 00:00:00,41.0,53.0,59.0,53.0
10214,1891.0,CD Nacional,2014-09-19 00:00:00,41.0,53.0,44.0,53.0
10214,1891.0,CD Nacional,2015-09-10 00:00:00,65.0,53.0,44.0,53.0
9809,100737.0,Naval 1° de Maio,2010-02-22 00:00:00,30.0,45.0,50.0,70.0
9809,100737.0,Naval 1° de Maio,2011-02-22 00:00:00,50.0,35.0,50.0,50.0
10212,1893.0,CS Marítimo,2010-02-22 00:00:00,30.0,55.0,50.0,65.0
10212,1893.0,CS Marítimo,2011-02-22 00:00:00,30.0,55.0,60.0,50.0
10212,1893.0,CS Marítimo,2012-02-22 00:00:00,38.0,54.0,76.0,55.0
10212,1893.0,CS Marítimo,2013-09-20 00:00:00,38.0,54.0,76.0,55.0
10212,1893.0,CS Marítimo,2014-09-19 00:00:00,67.0,67.0,64.0,55.0
10212,1893.0,CS Marítimo,2015-09-10 00:00:00,61.0,67.0,64.0,55.0
9771,1895.0,"União de Leiria, SAD",2010-02-22 00:00:00,50.0,50.0,50.0,50.0
9771,1895.0,"União de Leiria, SAD",2011-02-22 00:00:00,50.0,50.0,50.0,50.0
9771,1895.0,"União de Leiria, SAD",2012-02-22 00:00:00,36.0,52.0,50.0,46.0
2033,111540.0,S.C. Olhanense,2010-02-22 00:00:00,45.0,50.0,60.0,45.0
2033,111540.0,S.C. Olhanense,2011-02-22 00:00:00,65.0,50.0,50.0,65.0
2033,111540.0,S.C. Olhanense,2012-02-22 00:00:00,45.0,53.0,37.0,44.0
2033,111540.0,S.C. Olhanense,2013-09-20 00:00:00,45.0,53.0,37.0,43.0
2033,111540.0,S.C. Olhanense,2014-09-19 00:00:00,45.0,53.0,37.0,44.0
9765,,Portimonense,,,,,
10211,1897.0,SC Beira Mar,2011-02-22 00:00:00,48.0,50.0,50.0,57.0
10211,1897.0,SC Beira Mar,2012-02-22 00:00:00,39.0,53.0,53.0,59.0
10211,1897.0,SC Beira Mar,2013-09-20 00:00:00,39.0,53.0,53.0,59.0
4064,,Feirense,,,,,
9764,1888.0,Gil Vicente FC,2012-02-22 00:00:00,46.0,54.0,52.0,46.0
9764,1888.0,Gil Vicente FC,2013-09-20 00:00:00,46.0,54.0,52.0,46.0
9764,1888.0,Gil Vicente FC,2014-09-19 00:00:00,65.0,54.0,47.0,46.0
9764,1888.0,Gil Vicente FC,2015-09-10 00:00:00,68.0,54.0,47.0,46.0
8348,1900.0,Moreirense FC,2013-09-20 00:00:00,38.0,51.0,54.0,39.0
8348,1900.0,Moreirense FC,2015-09-10 00:00:00,38.0,51.0,54.0,39.0
7842,10020.0,Estoril Praia,2013-09-20 00:00:00,66.0,47.0,53.0,39.0
7842,10020.0,Estoril Praia,2014-09-19 00:00:00,66.0,47.0,53.0,39.0
7842,10020.0,Estoril Praia,2015-09-10 00:00:00,59.0,47.0,53.0,39.0
158085,112513.0,FC Arouca,2014-09-19 00:00:00,69.0,55.0,59.0,46.0
158085,112513.0,FC Arouca,2015-09-10 00:00:00,65.0,55.0,59.0,46.0
6547,100741.0,FC Penafiel,2015-09-10 00:00:00,54.0,52.0,56.0,38.0
8613,1898.0,Boavista FC,2015-09-10 00:00:00,47.0,37.0,38.0,53.0
6367,,Uniao da Madeira,,,,,
188163,,Tondela,,,,,
8596,79.0,Falkirk,2010-02-22 00:00:00,70.0,60.0,70.0,70.0
8548,86.0,Rangers,2010-02-22 00:00:00,65.0,70.0,70.0,70.0
8548,86.0,Rangers,2011-02-22 00:00:00,51.0,48.0,67.0,79.0
8548,86.0,Rangers,2012-02-22 00:00:00,45.0,38.0,62.0,60.0
8548,86.0,Rangers,2013-09-20 00:00:00,55.0,38.0,52.0,60.0
8548,86.0,Rangers,2014-09-19 00:00:00,45.0,38.0,62.0,60.0
8548,86.0,Rangers,2015-09-10 00:00:00,45.0,38.0,62.0,53.0
9860,80.0,Heart of Midlothian,2010-02-22 00:00:00,70.0,70.0,70.0,70.0
9860,80.0,Heart of Midlothian,2011-02-22 00:00:00,66.0,53.0,68.0,66.0
9860,80.0,Heart of Midlothian,2012-02-22 00:00:00,55.0,55.0,60.0,60.0
9860,80.0,Heart of Midlothian,2013-09-20 00:00:00,52.0,59.0,60.0,64.0
9860,80.0,Heart of Midlothian,2014-09-19 00:00:00,55.0,55.0,61.0,60.0
9927,83.0,Motherwell,2010-02-22 00:00:00,70.0,70.0,70.0,65.0
9927,83.0,Motherwell,2011-02-22 00:00:00,48.0,52.0,52.0,48.0
9927,83.0,Motherwell,2012-02-22 00:00:00,70.0,40.0,46.0,60.0
9927,83.0,Motherwell,2013-09-20 00:00:00,67.0,49.0,47.0,58.0
9927,83.0,Motherwell,2014-09-19 00:00:00,70.0,42.0,47.0,60.0
9927,83.0,Motherwell,2015-09-10 00:00:00,64.0,44.0,45.0,27.0
8597,82.0,Kilmarnock,2010-02-22 00:00:00,70.0,70.0,70.0,65.0
8597,82.0,Kilmarnock,2011-02-22 00:00:00,36.0,37.0,52.0,51.0
8597,82.0,Kilmarnock,2012-02-22 00:00:00,56.0,55.0,48.0,46.0
8597,82.0,Kilmarnock,2013-09-20 00:00:00,53.0,55.0,50.0,49.0
8597,82.0,Kilmarnock,2014-09-19 00:00:00,56.0,56.0,48.0,46.0
8597,82.0,Kilmarnock,2015-09-10 00:00:00,50.0,49.0,62.0,47.0
10251,81.0,Hibernian,2010-02-22 00:00:00,70.0,60.0,70.0,70.0
10251,81.0,Hibernian,2011-02-22 00:00:00,48.0,52.0,64.0,52.0
10251,81.0,Hibernian,2012-02-22 00:00:00,55.0,46.0,48.0,44.0
10251,81.0,Hibernian,2013-09-20 00:00:00,60.0,58.0,48.0,44.0
10251,81.0,Hibernian,2014-09-19 00:00:00,55.0,47.0,43.0,49.0
8485,77.0,Aberdeen,2010-02-22 00:00:00,70.0,70.0,70.0,70.0
8485,77.0,Aberdeen,2011-02-22 00:00:00,47.0,53.0,48.0,52.0
8485,77.0,Aberdeen,2012-02-22 00:00:00,58.0,45.0,70.0,55.0
8485,77.0,Aberdeen,2013-09-20 00:00:00,62.0,40.0,50.0,55.0
8485,77.0,Aberdeen,2014-09-19 00:00:00,58.0,56.0,68.0,57.0
8485,77.0,Aberdeen,2015-09-10 00:00:00,59.0,51.0,72.0,63.0
8066,620.0,Inverness Caledonian Thistle,2011-02-22 00:00:00,36.0,66.0,37.0,51.0
8066,620.0,Inverness Caledonian Thistle,2012-02-22 00:00:00,61.0,48.0,52.0,54.0
8066,620.0,Inverness Caledonian Thistle,2013-09-20 00:00:00,35.0,56.0,54.0,61.0
8066,620.0,Inverness Caledonian Thistle,2014-09-19 00:00:00,61.0,50.0,57.0,55.0
8066,620.0,Inverness Caledonian Thistle,2015-09-10 00:00:00,48.0,57.0,48.0,69.0
9925,78.0,Celtic,2010-02-22 00:00:00,70.0,65.0,70.0,70.0
9925,78.0,Celtic,2011-02-22 00:00:00,54.0,52.0,67.0,51.0
9925,78.0,Celtic,2012-02-22 00:00:00,70.0,54.0,58.0,60.0
9925,78.0,Celtic,2013-09-20 00:00:00,50.0,57.0,58.0,60.0
9925,78.0,Celtic,2014-09-19 00:00:00,70.0,55.0,61.0,62.0
9925,78.0,Celtic,2015-09-10 00:00:00,54.0,51.0,51.0,62.0
9800,100805.0,St. Mirren,2010-02-22 00:00:00,70.0,70.0,70.0,70.0
9800,100805.0,St. Mirren,2011-02-22 00:00:00,48.0,52.0,48.0,48.0
9800,100805.0,St. Mirren,2012-02-22 00:00:00,60.0,62.0,45.0,60.0
9800,100805.0,St. Mirren,2013-09-20 00:00:00,42.0,47.0,46.0,60.0
9800,100805.0,St. Mirren,2014-09-19 00:00:00,58.0,62.0,56.0,61.0
9800,100805.0,St. Mirren,2015-09-10 00:00:00,38.0,53.0,58.0,53.0
8429,184.0,Hamilton Academical FC,2010-02-22 00:00:00,70.0,70.0,70.0,60.0
8429,184.0,Hamilton Academical FC,2011-02-22 00:00:00,66.0,52.0,53.0,34.0
8429,184.0,Hamilton Academical FC,2015-09-10 00:00:00,48.0,73.0,53.0,71.0
9938,181.0,Dundee United,2010-02-22 00:00:00,70.0,65.0,70.0,70.0
9938,181.0,Dundee United,2011-02-22 00:00:00,68.0,67.0,53.0,67.0
9938,181.0,Dundee United,2012-02-22 00:00:00,60.0,50.0,50.0,35.0
9938,181.0,Dundee United,2013-09-20 00:00:00,53.0,55.0,53.0,42.0
9938,181.0,Dundee United,2014-09-19 00:00:00,60.0,52.0,55.0,38.0
9938,181.0,Dundee United,2015-09-10 00:00:00,60.0,55.0,49.0,45.0
8467,100804.0,St. Johnstone FC,2010-02-22 00:00:00,70.0,50.0,50.0,50.0
8467,100804.0,St. Johnstone FC,2011-02-22 00:00:00,67.0,47.0,47.0,54.0
8467,100804.0,St. Johnstone FC,2012-02-22 00:00:00,57.0,46.0,48.0,38.0
8467,100804.0,St. Johnstone FC,2013-09-20 00:00:00,60.0,48.0,49.0,38.0
8467,100804.0,St. Johnstone FC,2014-09-19 00:00:00,56.0,47.0,49.0,40.0
8467,100804.0,St. Johnstone FC,2015-09-10 00:00:00,62.0,47.0,49.0,40.0
8457,182.0,Dunfermline Athletic,2012-02-22 00:00:00,55.0,46.0,68.0,54.0
8284,180.0,Dundee FC,2013-09-20 00:00:00,50.0,38.0,60.0,53.0
8284,180.0,Dundee FC,2015-09-10 00:00:00,47.0,32.0,61.0,65.0
8649,631.0,Ross County FC,2013-09-20 00:00:00,35.0,50.0,36.0,50.0
8649,631.0,Ross County FC,2014-09-19 00:00:00,34.0,44.0,38.0,38.0
8649,631.0,Ross County FC,2015-09-10 00:00:00,45.0,46.0,49.0,58.0
8426,1754.0,Partick Thistle F.C.,2014-09-19 00:00:00,48.0,49.0,50.0,52.0
8426,1754.0,Partick Thistle F.C.,2015-09-10 00:00:00,48.0,47.0,53.0,60.0
10267,461.0,Valencia CF,2010-02-22 00:00:00,30.0,55.0,60.0,70.0
10267,461.0,Valencia CF,2011-02-22 00:00:00,41.0,56.0,55.0,64.0
10267,461.0,Valencia CF,2012-02-22 00:00:00,20.0,38.0,56.0,55.0
10267,461.0,Valencia CF,2013-09-20 00:00:00,20.0,38.0,56.0,55.0
10267,461.0,Valencia CF,2014-09-19 00:00:00,30.0,38.0,56.0,55.0
10267,461.0,Valencia CF,2015-09-10 00:00:00,35.0,37.0,51.0,58.0
8661,453.0,RCD Mallorca,2010-02-22 00:00:00,40.0,50.0,40.0,50.0
8661,453.0,RCD Mallorca,2011-02-22 00:00:00,53.0,55.0,52.0,53.0
8661,453.0,RCD Mallorca,2012-02-22 00:00:00,58.0,53.0,57.0,53.0
8661,453.0,RCD Mallorca,2013-09-20 00:00:00,62.0,53.0,57.0,53.0
8661,453.0,RCD Mallorca,2014-09-19 00:00:00,62.0,53.0,57.0,53.0
8661,453.0,RCD Mallorca,2015-09-10 00:00:00,62.0,53.0,57.0,53.0
8371,479.0,CA Osasuna,2010-02-22 00:00:00,35.0,45.0,65.0,55.0
8371,479.0,CA Osasuna,2011-02-22 00:00:00,55.0,56.0,69.0,68.0
8371,479.0,CA Osasuna,2012-02-22 00:00:00,34.0,55.0,59.0,54.0
8371,479.0,CA Osasuna,2013-09-20 00:00:00,38.0,55.0,59.0,54.0
8371,479.0,CA Osasuna,2014-09-19 00:00:00,38.0,55.0,59.0,54.0
8371,479.0,CA Osasuna,2015-09-10 00:00:00,38.0,55.0,59.0,54.0
10205,483.0,Villarreal CF,2010-02-22 00:00:00,64.0,55.0,35.0,70.0
10205,483.0,Villarreal CF,2011-02-22 00:00:00,42.0,53.0,38.0,70.0
10205,483.0,Villarreal CF,2012-02-22 00:00:00,20.0,43.0,57.0,58.0
10205,483.0,Villarreal CF,2013-09-20 00:00:00,24.0,43.0,57.0,58.0
10205,483.0,Villarreal CF,2014-09-19 00:00:00,35.0,43.0,57.0,58.0
10205,483.0,Villarreal CF,2015-09-10 00:00:00,48.0,36.0,52.0,55.0
9783,242.0,RC Deportivo de La Coruña,2010-02-22 00:00:00,30.0,30.0,45.0,65.0
9783,242.0,RC Deportivo de La Coruña,2011-02-22 00:00:00,56.0,57.0,69.0,61.0
9783,242.0,RC Deportivo de La Coruña,2012-02-22 00:00:00,56.0,38.0,52.0,68.0
9783,242.0,RC Deportivo de La Coruña,2013-09-20 00:00:00,56.0,38.0,52.0,68.0
9783,242.0,RC Deportivo de La Coruña,2014-09-19 00:00:00,56.0,38.0,52.0,68.0
9783,242.0,RC Deportivo de La Coruña,2015-09-10 00:00:00,53.0,38.0,52.0,55.0
8633,243.0,Real Madrid CF,2010-02-22 00:00:00,55.0,70.0,60.0,70.0
8633,243.0,Real Madrid CF,2011-02-22 00:00:00,54.0,67.0,60.0,67.0
8633,243.0,Real Madrid CF,2012-02-22 00:00:00,45.0,71.0,54.0,73.0
8633,243.0,Real Madrid CF,2013-09-20 00:00:00,50.0,68.0,54.0,72.0
8633,243.0,Real Madrid CF,2014-09-19 00:00:00,50.0,68.0,54.0,69.0
8633,243.0,Real Madrid CF,2015-09-10 00:00:00,50.0,61.0,41.0,63.0
8388,477.0,CD Numancia,2010-02-22 00:00:00,55.0,50.0,55.0,55.0
8388,477.0,CD Numancia,2011-02-22 00:00:00,71.0,38.0,53.0,53.0
8388,477.0,CD Numancia,2012-02-22 00:00:00,44.0,54.0,41.0,57.0
8388,477.0,CD Numancia,2013-09-20 00:00:00,44.0,54.0,41.0,57.0
8388,477.0,CD Numancia,2014-09-19 00:00:00,44.0,54.0,41.0,57.0
8388,477.0,CD Numancia,2015-09-10 00:00:00,44.0,54.0,41.0,57.0
8634,241.0,FC Barcelona,2010-02-22 00:00:00,42.0,65.0,40.0,70.0
8634,241.0,FC Barcelona,2011-02-22 00:00:00,43.0,59.0,25.0,68.0
8634,241.0,FC Barcelona,2012-02-22 00:00:00,24.0,37.0,24.0,54.0
8634,241.0,FC Barcelona,2013-09-20 00:00:00,35.0,37.0,31.0,35.0
8634,241.0,FC Barcelona,2014-09-19 00:00:00,35.0,37.0,31.0,35.0
8634,241.0,FC Barcelona,2015-09-10 00:00:00,36.0,36.0,49.0,56.0
8696,456.0,Racing Santander,2010-02-22 00:00:00,45.0,70.0,70.0,65.0
8696,456.0,Racing Santander,2011-02-22 00:00:00,53.0,73.0,72.0,39.0
8696,456.0,Racing Santander,2012-02-22 00:00:00,43.0,61.0,71.0,50.0
8696,456.0,Racing Santander,2013-09-20 00:00:00,47.0,61.0,71.0,50.0
8696,456.0,Racing Santander,2015-09-10 00:00:00,48.0,53.0,53.0,53.0
8302,481.0,Sevilla FC,2010-02-22 00:00:00,30.0,70.0,60.0,70.0
8302,481.0,Sevilla FC,2011-02-22 00:00:00,68.0,68.0,67.0,71.0
8302,481.0,Sevilla FC,2012-02-22 00:00:00,61.0,53.0,57.0,38.0
8302,481.0,Sevilla FC,2013-09-20 00:00:00,65.0,53.0,57.0,38.0
8302,481.0,Sevilla FC,2014-09-19 00:00:00,65.0,53.0,57.0,38.0
8302,481.0,Sevilla FC,2015-09-10 00:00:00,53.0,53.0,52.0,60.0
9869,459.0,Real Sporting de Gijón,2010-02-22 00:00:00,70.0,65.0,50.0,70.0
9869,459.0,Real Sporting de Gijón,2011-02-22 00:00:00,68.0,67.0,51.0,65.0
9869,459.0,Real Sporting de Gijón,2012-02-22 00:00:00,51.0,68.0,61.0,44.0
9869,459.0,Real Sporting de Gijón,2013-09-20 00:00:00,55.0,68.0,61.0,44.0
9869,459.0,Real Sporting de Gijón,2014-09-19 00:00:00,55.0,68.0,61.0,44.0
9869,459.0,Real Sporting de Gijón,2015-09-10 00:00:00,55.0,62.0,59.0,38.0
8305,1860.0,Getafe CF,2010-02-22 00:00:00,30.0,35.0,50.0,70.0
8305,1860.0,Getafe CF,2011-02-22 00:00:00,54.0,38.0,54.0,57.0
8305,1860.0,Getafe CF,2012-02-22 00:00:00,25.0,58.0,42.0,52.0
8305,1860.0,Getafe CF,2013-09-20 00:00:00,29.0,58.0,42.0,52.0
8305,1860.0,Getafe CF,2014-09-19 00:00:00,35.0,58.0,42.0,52.0
8305,1860.0,Getafe CF,2015-09-10 00:00:00,34.0,55.0,39.0,49.0
8603,449.0,Real Betis Balompié,2010-02-22 00:00:00,45.0,30.0,50.0,55.0
8603,449.0,Real Betis Balompié,2011-02-22 00:00:00,37.0,68.0,66.0,72.0
8603,449.0,Real Betis Balompié,2012-02-22 00:00:00,55.0,59.0,43.0,53.0
8603,449.0,Real Betis Balompié,2013-09-20 00:00:00,59.0,59.0,43.0,53.0
8603,449.0,Real Betis Balompié,2014-09-19 00:00:00,59.0,59.0,43.0,53.0
8603,449.0,Real Betis Balompié,2015-09-10 00:00:00,59.0,59.0,43.0,53.0
8479,571.0,RC Recreativo,2010-02-22 00:00:00,50.0,40.0,40.0,50.0
8479,571.0,RC Recreativo,2011-02-22 00:00:00,45.0,41.0,42.0,52.0
8479,571.0,RC Recreativo,2012-02-22 00:00:00,41.0,67.0,50.0,23.0
8479,571.0,RC Recreativo,2013-09-20 00:00:00,41.0,45.0,50.0,23.0
8479,571.0,RC Recreativo,2014-09-19 00:00:00,41.0,45.0,50.0,35.0
8479,571.0,RC Recreativo,2015-09-10 00:00:00,37.0,30.0,42.0,37.0
8558,452.0,RCD Espanyol,2010-02-22 00:00:00,55.0,70.0,55.0,70.0
8558,452.0,RCD Espanyol,2011-02-22 00:00:00,68.0,72.0,70.0,54.0
8558,452.0,RCD Espanyol,2012-02-22 00:00:00,46.0,52.0,60.0,40.0
8558,452.0,RCD Espanyol,2013-09-20 00:00:00,50.0,52.0,60.0,40.0
8558,452.0,RCD Espanyol,2014-09-19 00:00:00,50.0,52.0,60.0,40.0
8558,452.0,RCD Espanyol,2015-09-10 00:00:00,50.0,52.0,60.0,40.0
10281,462.0,Real Valladolid,2010-02-22 00:00:00,55.0,45.0,30.0,60.0
10281,462.0,Real Valladolid,2011-02-22 00:00:00,54.0,44.0,60.0,62.0
10281,462.0,Real Valladolid,2012-02-22 00:00:00,55.0,58.0,73.0,41.0
10281,462.0,Real Valladolid,2013-09-20 00:00:00,55.0,58.0,73.0,41.0
10281,462.0,Real Valladolid,2014-09-19 00:00:00,55.0,58.0,68.0,41.0
10281,462.0,Real Valladolid,2015-09-10 00:00:00,43.0,39.0,51.0,57.0
8315,448.0,Athletic Club de Bilbao,2010-02-22 00:00:00,60.0,35.0,70.0,55.0
8315,448.0,Athletic Club de Bilbao,2011-02-22 00:00:00,70.0,55.0,72.0,57.0
8315,448.0,Athletic Club de Bilbao,2012-02-22 00:00:00,42.0,36.0,78.0,59.0
8315,448.0,Athletic Club de Bilbao,2013-09-20 00:00:00,46.0,52.0,73.0,37.0
8315,448.0,Athletic Club de Bilbao,2014-09-19 00:00:00,46.0,52.0,68.0,37.0
8315,448.0,Athletic Club de Bilbao,2015-09-10 00:00:00,46.0,50.0,60.0,36.0
9865,1861.0,UD Almería,2010-02-22 00:00:00,65.0,45.0,45.0,70.0
9865,1861.0,UD Almería,2011-02-22 00:00:00,55.0,57.0,54.0,69.0
9865,1861.0,UD Almería,2012-02-22 00:00:00,42.0,57.0,54.0,40.0
9865,1861.0,UD Almería,2013-09-20 00:00:00,46.0,57.0,54.0,40.0
9865,1861.0,UD Almería,2014-09-19 00:00:00,46.0,57.0,54.0,40.0
9865,1861.0,UD Almería,2015-09-10 00:00:00,46.0,57.0,54.0,40.0
9906,240.0,Atlético Madrid,2010-02-22 00:00:00,64.0,65.0,50.0,70.0
9906,240.0,Atlético Madrid,2011-02-22 00:00:00,57.0,58.0,69.0,79.0
9906,240.0,Atlético Madrid,2012-02-22 00:00:00,47.0,67.0,63.0,54.0
9906,240.0,Atlético Madrid,2013-09-20 00:00:00,47.0,70.0,65.0,54.0
9906,240.0,Atlético Madrid,2014-09-19 00:00:00,47.0,67.0,67.0,54.0
9906,240.0,Atlético Madrid,2015-09-10 00:00:00,57.0,61.0,62.0,49.0
9864,573.0,Málaga CF,2010-02-22 00:00:00,60.0,40.0,45.0,70.0
9864,573.0,Málaga CF,2011-02-22 00:00:00,58.0,54.0,55.0,61.0
9864,573.0,Málaga CF,2012-02-22 00:00:00,41.0,72.0,69.0,50.0
9864,573.0,Málaga CF,2013-09-20 00:00:00,45.0,72.0,69.0,50.0
9864,573.0,Málaga CF,2014-09-19 00:00:00,45.0,69.0,69.0,50.0
9864,573.0,Málaga CF,2015-09-10 00:00:00,42.0,41.0,40.0,50.0
9868,1742.0,Xerez Club Deportivo,2010-02-22 00:00:00,30.0,45.0,35.0,70.0
9868,1742.0,Xerez Club Deportivo,2011-02-22 00:00:00,40.0,56.0,54.0,49.0
9868,1742.0,Xerez Club Deportivo,2012-02-22 00:00:00,60.0,40.0,57.0,41.0
9868,1742.0,Xerez Club Deportivo,2013-09-20 00:00:00,60.0,40.0,57.0,41.0
8394,244.0,Real Zaragoza,2010-02-22 00:00:00,30.0,50.0,35.0,70.0
8394,244.0,Real Zaragoza,2011-02-22 00:00:00,43.0,46.0,38.0,42.0
8394,244.0,Real Zaragoza,2012-02-22 00:00:00,34.0,53.0,56.0,57.0
8394,244.0,Real Zaragoza,2013-09-20 00:00:00,38.0,53.0,56.0,57.0
8394,244.0,Real Zaragoza,2014-09-19 00:00:00,38.0,53.0,56.0,57.0
8394,244.0,Real Zaragoza,2015-09-10 00:00:00,52.0,52.0,56.0,57.0
9867,260.0,CD Tenerife,2010-02-22 00:00:00,30.0,45.0,30.0,65.0
9867,260.0,CD Tenerife,2011-02-22 00:00:00,56.0,68.0,52.0,60.0
9867,260.0,CD Tenerife,2014-09-19 00:00:00,56.0,56.0,51.0,54.0
9867,260.0,CD Tenerife,2015-09-10 00:00:00,56.0,56.0,51.0,54.0
10278,100879.0,Hércules Club de Fútbol,2010-02-22 00:00:00,40.0,50.0,35.0,70.0
10278,100879.0,Hércules Club de Fútbol,2011-02-22 00:00:00,54.0,53.0,40.0,59.0
10278,100879.0,Hércules Club de Fútbol,2012-02-22 00:00:00,53.0,60.0,58.0,60.0
10278,100879.0,Hércules Club de Fútbol,2013-09-20 00:00:00,53.0,60.0,58.0,60.0
10278,100879.0,Hércules Club de Fútbol,2014-09-19 00:00:00,53.0,60.0,58.0,60.0
8581,1853.0,Levante UD,2010-02-22 00:00:00,30.0,45.0,40.0,70.0
8581,1853.0,Levante UD,2011-02-22 00:00:00,68.0,69.0,55.0,58.0
8581,1853.0,Levante UD,2012-02-22 00:00:00,53.0,55.0,61.0,52.0
8581,1853.0,Levante UD,2013-09-20 00:00:00,57.0,55.0,61.0,52.0
8581,1853.0,Levante UD,2014-09-19 00:00:00,57.0,55.0,61.0,52.0
8581,1853.0,Levante UD,2015-09-10 00:00:00,62.0,71.0,42.0,65.0
8560,457.0,Real Sociedad,2010-02-22 00:00:00,40.0,50.0,40.0,70.0
8560,457.0,Real Sociedad,2011-02-22 00:00:00,54.0,54.0,51.0,60.0
8560,457.0,Real Sociedad,2012-02-22 00:00:00,24.0,60.0,52.0,59.0
8560,457.0,Real Sociedad,2013-09-20 00:00:00,28.0,60.0,52.0,59.0
8560,457.0,Real Sociedad,2014-09-19 00:00:00,35.0,60.0,52.0,59.0
8560,457.0,Real Sociedad,2015-09-10 00:00:00,60.0,54.0,60.0,52.0
7878,110832.0,Granada CF,2011-02-22 00:00:00,53.0,54.0,59.0,55.0
7878,110832.0,Granada CF,2012-02-22 00:00:00,48.0,72.0,76.0,52.0
7878,110832.0,Granada CF,2013-09-20 00:00:00,52.0,72.0,76.0,52.0
7878,110832.0,Granada CF,2014-09-19 00:00:00,52.0,67.0,68.0,52.0
7878,110832.0,Granada CF,2015-09-10 00:00:00,57.0,61.0,63.0,51.0
8370,480.0,Rayo Vallecano,2010-02-22 00:00:00,40.0,35.0,50.0,70.0
8370,480.0,Rayo Vallecano,2011-02-22 00:00:00,53.0,44.0,56.0,61.0
8370,480.0,Rayo Vallecano,2012-02-22 00:00:00,41.0,44.0,44.0,47.0
8370,480.0,Rayo Vallecano,2013-09-20 00:00:00,45.0,44.0,44.0,47.0
8370,480.0,Rayo Vallecano,2014-09-19 00:00:00,45.0,44.0,44.0,47.0
8370,480.0,Rayo Vallecano,2015-09-10 00:00:00,29.0,44.0,44.0,47.0
9910,450.0,RC Celta de Vigo,2010-02-22 00:00:00,35.0,45.0,45.0,70.0
9910,450.0,RC Celta de Vigo,2011-02-22 00:00:00,43.0,53.0,45.0,60.0
9910,450.0,RC Celta de Vigo,2012-02-22 00:00:00,53.0,59.0,68.0,52.0
9910,450.0,RC Celta de Vigo,2013-09-20 00:00:00,53.0,59.0,68.0,52.0
9910,450.0,RC Celta de Vigo,2014-09-19 00:00:00,53.0,59.0,68.0,52.0
9910,450.0,RC Celta de Vigo,2015-09-10 00:00:00,55.0,41.0,48.0,50.0
10268,468.0,Elche CF,2010-02-22 00:00:00,30.0,45.0,50.0,70.0
10268,468.0,Elche CF,2011-02-22 00:00:00,43.0,52.0,43.0,46.0
10268,468.0,Elche CF,2012-02-22 00:00:00,55.0,53.0,54.0,57.0
10268,468.0,Elche CF,2013-09-20 00:00:00,55.0,53.0,54.0,57.0
10268,468.0,Elche CF,2014-09-19 00:00:00,55.0,53.0,54.0,57.0
10268,468.0,Elche CF,2015-09-10 00:00:00,51.0,53.0,54.0,57.0
8372,467.0,SD Eibar,2014-09-19 00:00:00,62.0,60.0,55.0,64.0
8372,467.0,SD Eibar,2015-09-10 00:00:00,62.0,59.0,55.0,52.0
7869,1867.0,Córdoba CF,2010-02-22 00:00:00,30.0,35.0,45.0,60.0
7869,1867.0,Córdoba CF,2011-02-22 00:00:00,39.0,40.0,42.0,46.0
7869,1867.0,Córdoba CF,2012-02-22 00:00:00,40.0,40.0,71.0,48.0
7869,1867.0,Córdoba CF,2013-09-20 00:00:00,40.0,40.0,71.0,48.0
7869,1867.0,Córdoba CF,2014-09-19 00:00:00,40.0,40.0,66.0,48.0
7869,1867.0,Córdoba CF,2015-09-10 00:00:00,53.0,55.0,59.0,57.0
8306,472.0,UD Las Palmas,2010-02-22 00:00:00,30.0,45.0,40.0,70.0
8306,472.0,UD Las Palmas,2011-02-22 00:00:00,54.0,67.0,61.0,59.0
8306,472.0,UD Las Palmas,2012-02-22 00:00:00,48.0,53.0,42.0,53.0
8306,472.0,UD Las Palmas,2013-09-20 00:00:00,48.0,53.0,42.0,53.0
8306,472.0,UD Las Palmas,2014-09-19 00:00:00,48.0,53.0,42.0,53.0
8306,472.0,UD Las Palmas,2015-09-10 00:00:00,48.0,53.0,42.0,53.0
9956,322.0,Grasshopper Club Zürich,2010-02-22 00:00:00,30.0,55.0,70.0,55.0
9956,322.0,Grasshopper Club Zürich,2011-02-22 00:00:00,67.0,55.0,66.0,63.0
9956,322.0,Grasshopper Club Zürich,2012-02-22 00:00:00,50.0,52.0,54.0,46.0
9956,322.0,Grasshopper Club Zürich,2013-09-20 00:00:00,50.0,52.0,54.0,46.0
9956,322.0,Grasshopper Club Zürich,2014-09-19 00:00:00,50.0,52.0,54.0,46.0
9956,322.0,Grasshopper Club Zürich,2015-09-10 00:00:00,50.0,52.0,54.0,46.0
6493,1714.0,AC Bellinzona,2010-02-22 00:00:00,40.0,55.0,65.0,55.0
6493,1714.0,AC Bellinzona,2011-02-22 00:00:00,47.0,55.0,38.0,55.0
10192,900.0,BSC Young Boys,2010-02-22 00:00:00,55.0,55.0,70.0,60.0
10192,900.0,BSC Young Boys,2011-02-22 00:00:00,60.0,65.0,69.0,68.0
10192,900.0,BSC Young Boys,2012-02-22 00:00:00,52.0,39.0,70.0,46.0
10192,900.0,BSC Young Boys,2013-09-20 00:00:00,52.0,39.0,70.0,46.0
10192,900.0,BSC Young Boys,2014-09-19 00:00:00,52.0,39.0,66.0,46.0
10192,900.0,BSC Young Boys,2015-09-10 00:00:00,52.0,39.0,66.0,46.0
9931,896.0,FC Basel,2010-02-22 00:00:00,40.0,50.0,65.0,50.0
9931,896.0,FC Basel,2011-02-22 00:00:00,46.0,51.0,54.0,49.0
9931,896.0,FC Basel,2012-02-22 00:00:00,61.0,66.0,66.0,54.0
9931,896.0,FC Basel,2013-09-20 00:00:00,61.0,66.0,66.0,54.0
9931,896.0,FC Basel,2014-09-19 00:00:00,61.0,66.0,66.0,54.0
9931,896.0,FC Basel,2015-09-10 00:00:00,61.0,66.0,66.0,54.0
9930,434.0,FC Aarau,2010-02-22 00:00:00,60.0,60.0,65.0,55.0
9930,434.0,FC Aarau,2014-09-19 00:00:00,52.0,54.0,63.0,64.0
9930,434.0,FC Aarau,2015-09-10 00:00:00,47.0,54.0,63.0,64.0
10179,110770.0,FC Sion,2010-02-22 00:00:00,35.0,50.0,60.0,60.0
10179,110770.0,FC Sion,2011-02-22 00:00:00,47.0,67.0,56.0,54.0
10179,110770.0,FC Sion,2012-02-22 00:00:00,61.0,62.0,50.0,53.0
10179,110770.0,FC Sion,2013-09-20 00:00:00,61.0,62.0,50.0,53.0
10179,110770.0,FC Sion,2014-09-19 00:00:00,61.0,62.0,50.0,53.0
10179,110770.0,FC Sion,2015-09-10 00:00:00,61.0,62.0,50.0,53.0
10199,897.0,FC Luzern,2010-02-22 00:00:00,45.0,45.0,70.0,60.0
10199,897.0,FC Luzern,2011-02-22 00:00:00,48.0,63.0,34.0,64.0
10199,897.0,FC Luzern,2012-02-22 00:00:00,46.0,51.0,53.0,55.0
10199,897.0,FC Luzern,2013-09-20 00:00:00,46.0,51.0,53.0,55.0
10199,897.0,FC Luzern,2014-09-19 00:00:00,63.0,54.0,40.0,66.0
10199,897.0,FC Luzern,2015-09-10 00:00:00,63.0,54.0,40.0,66.0
9824,286.0,FC Vaduz,2015-09-10 00:00:00,53.0,38.0,53.0,46.0
7955,435.0,Neuchâtel Xamax,2010-02-22 00:00:00,60.0,60.0,70.0,60.0
7955,435.0,Neuchâtel Xamax,2011-02-22 00:00:00,54.0,37.0,48.0,53.0
7955,435.0,Neuchâtel Xamax,2012-02-22 00:00:00,49.0,39.0,48.0,34.0
10243,894.0,FC Zürich,2010-02-22 00:00:00,45.0,45.0,70.0,50.0
10243,894.0,FC Zürich,2011-02-22 00:00:00,48.0,49.0,61.0,55.0
10243,894.0,FC Zürich,2012-02-22 00:00:00,62.0,50.0,50.0,54.0
10243,894.0,FC Zürich,2013-09-20 00:00:00,62.0,50.0,50.0,54.0
10243,894.0,FC Zürich,2014-09-19 00:00:00,62.0,47.0,50.0,54.0
10243,894.0,FC Zürich,2015-09-10 00:00:00,62.0,47.0,50.0,54.0
10190,898.0,FC St. Gallen,2010-02-22 00:00:00,35.0,35.0,55.0,55.0
10190,898.0,FC St. Gallen,2011-02-22 00:00:00,47.0,47.0,54.0,56.0
10190,898.0,FC St. Gallen,2013-09-20 00:00:00,52.0,39.0,39.0,37.0
10190,898.0,FC St. Gallen,2014-09-19 00:00:00,52.0,39.0,39.0,37.0
10190,898.0,FC St. Gallen,2015-09-10 00:00:00,52.0,39.0,39.0,37.0
10191,1715.0,FC Thun,2011-02-22 00:00:00,51.0,54.0,46.0,31.0
10191,1715.0,FC Thun,2012-02-22 00:00:00,58.0,67.0,32.0,66.0
10191,1715.0,FC Thun,2013-09-20 00:00:00,58.0,67.0,32.0,66.0
10191,1715.0,FC Thun,2014-09-19 00:00:00,58.0,64.0,36.0,66.0
10191,1715.0,FC Thun,2015-09-10 00:00:00,58.0,64.0,36.0,66.0
9777,324.0,Servette FC,2010-02-22 00:00:00,30.0,45.0,70.0,60.0
9777,324.0,Servette FC,2012-02-22 00:00:00,48.0,53.0,66.0,45.0
9777,324.0,Servette FC,2013-09-20 00:00:00,48.0,53.0,66.0,45.0
7730,1862.0,FC Lausanne-Sports,2010-02-22 00:00:00,30.0,40.0,60.0,60.0
7730,1862.0,FC Lausanne-Sports,2012-02-22 00:00:00,37.0,52.0,60.0,48.0
7730,1862.0,FC Lausanne-Sports,2013-09-20 00:00:00,51.0,52.0,60.0,48.0
7730,1862.0,FC Lausanne-Sports,2014-09-19 00:00:00,37.0,52.0,60.0,52.0
7896,,Lugano,,,,,
